muscle,series,phase_pct,dMTU_mm
semimem_l,tree_rigid,0.000,0.0000
semimem_l,tree_rigid,1.000,0.0000
semimem_l,tree_rigid,1.645,0.0000
semimem_l,tree_rigid,2.155,0.0000
semimem_l,tree_rigid,3.000,-0.0000
semimem_l,tree_rigid,4.000,0.0000
semimem_l,tree_rigid,4.645,0.0000
semimem_l,tree_rigid,5.155,-0.0000
semimem_l,tree_rigid,6.000,0.0000
semimem_l,tree_rigid,7.000,0.0000
semimem_l,tree_rigid,7.645,-0.0000
semimem_l,tree_rigid,8.155,0.0000
semimem_l,tree_rigid,9.000,-0.0000
semimem_l,tree_rigid,10.000,0.0000
semimem_l,tree_rigid,10.645,0.0000
semimem_l,tree_rigid,11.155,0.0000
semimem_l,tree_rigid,12.000,0.0000
semimem_l,tree_rigid,13.000,-0.0000
semimem_l,tree_rigid,13.645,0.0000
semimem_l,tree_rigid,14.155,0.0000
semimem_l,tree_rigid,15.000,-0.0000
semimem_l,tree_rigid,16.000,-0.0000
semimem_l,tree_rigid,16.645,0.0000
semimem_l,tree_rigid,17.155,-0.0000
semimem_l,tree_rigid,18.000,-0.0000
semimem_l,tree_rigid,19.000,-0.0000
semimem_l,tree_rigid,19.645,0.0000
semimem_l,tree_rigid,20.155,0.0000
semimem_l,tree_rigid,21.000,0.0000
semimem_l,tree_rigid,22.000,0.0000
semimem_l,tree_rigid,22.645,0.0000
semimem_l,tree_rigid,23.155,0.0000
semimem_l,tree_rigid,24.000,0.0000
semimem_l,tree_rigid,25.000,0.0000
semimem_l,tree_rigid,25.645,0.0000
semimem_l,tree_rigid,26.155,0.0000
semimem_l,tree_rigid,27.000,0.0000
semimem_l,tree_rigid,28.000,0.0000
semimem_l,tree_rigid,28.645,0.0000
semimem_l,tree_rigid,29.155,0.0000
semimem_l,tree_rigid,30.000,-0.0000
semimem_l,tree_rigid,31.000,-0.0000
semimem_l,tree_rigid,31.645,0.0000
semimem_l,tree_rigid,32.155,-0.0000
semimem_l,tree_rigid,33.000,0.0000
semimem_l,tree_rigid,34.000,-0.0000
semimem_l,tree_rigid,34.645,0.0000
semimem_l,tree_rigid,35.155,-0.0000
semimem_l,tree_rigid,36.000,-0.0000
semimem_l,tree_rigid,37.000,0.0000
semimem_l,tree_rigid,37.645,0.0000
semimem_l,tree_rigid,38.155,0.0000
semimem_l,tree_rigid,39.000,0.0000
semimem_l,tree_rigid,40.000,-0.0000
semimem_l,tree_rigid,40.645,0.0000
semimem_l,tree_rigid,41.155,-0.0000
semimem_l,tree_rigid,42.000,0.0000
semimem_l,tree_rigid,43.000,0.0000
semimem_l,tree_rigid,43.645,-0.0000
semimem_l,tree_rigid,44.155,0.0000
semimem_l,tree_rigid,45.000,-0.0000
semimem_l,tree_rigid,46.000,0.0000
semimem_l,tree_rigid,46.645,-0.0000
semimem_l,tree_rigid,47.155,-0.0000
semimem_l,tree_rigid,48.000,0.0000
semimem_l,tree_rigid,49.000,-0.0000
semimem_l,tree_rigid,49.645,0.0000
semimem_l,tree_rigid,50.155,0.0000
semimem_l,tree_rigid,51.000,0.0000
semimem_l,tree_rigid,52.000,0.0000
semimem_l,tree_rigid,52.645,0.0000
semimem_l,tree_rigid,53.155,0.0000
semimem_l,tree_rigid,54.000,0.0000
semimem_l,tree_rigid,55.000,-0.0000
semimem_l,tree_rigid,55.645,0.0000
semimem_l,tree_rigid,56.155,0.0000
semimem_l,tree_rigid,57.000,-0.0000
semimem_l,tree_rigid,58.000,0.0000
semimem_l,tree_rigid,58.645,0.0000
semimem_l,tree_rigid,59.155,0.0000
semimem_l,tree_rigid,60.000,0.0000
semimem_l,tree_rigid,61.000,0.0000
semimem_l,tree_rigid,61.645,-0.0000
semimem_l,tree_rigid,62.155,0.0000
semimem_l,tree_rigid,63.000,0.0000
semimem_l,tree_rigid,64.000,-0.0000
semimem_l,tree_rigid,64.645,0.0000
semimem_l,tree_rigid,65.155,-0.0000
semimem_l,tree_rigid,66.000,0.0000
semimem_l,tree_rigid,67.000,0.0000
semimem_l,tree_rigid,67.645,-0.0000
semimem_l,tree_rigid,68.155,-0.0000
semimem_l,tree_rigid,69.000,0.0000
semimem_l,tree_rigid,70.000,-0.0000
semimem_l,tree_rigid,70.645,-0.0000
semimem_l,tree_rigid,71.155,0.0000
semimem_l,tree_rigid,72.000,0.0000
semimem_l,tree_rigid,73.000,-0.0000
semimem_l,tree_rigid,73.645,0.0000
semimem_l,tree_rigid,74.155,-0.0000
semimem_l,tree_rigid,75.000,0.0000
semimem_l,tree_rigid,76.000,-0.0000
semimem_l,tree_rigid,76.645,0.0000
semimem_l,tree_rigid,77.155,-0.0000
semimem_l,tree_rigid,78.000,0.0000
semimem_l,tree_rigid,79.000,0.0000
semimem_l,tree_rigid,79.645,0.0000
semimem_l,tree_rigid,80.155,-0.0000
semimem_l,tree_rigid,81.000,0.0000
semimem_l,tree_rigid,82.000,-0.0000
semimem_l,tree_rigid,82.645,0.0000
semimem_l,tree_rigid,83.155,-0.0000
semimem_l,tree_rigid,84.000,0.0000
semimem_l,tree_rigid,85.000,-0.0000
semimem_l,tree_rigid,85.645,-0.0000
semimem_l,tree_rigid,86.155,0.0000
semimem_l,tree_rigid,87.000,-0.0000
semimem_l,tree_rigid,88.000,-0.0000
semimem_l,tree_rigid,88.645,-0.0000
semimem_l,tree_rigid,89.155,0.0000
semimem_l,tree_rigid,90.000,-0.0000
semimem_l,tree_rigid,91.000,-0.0000
semimem_l,tree_rigid,91.645,0.0000
semimem_l,tree_rigid,92.155,0.0000
semimem_l,tree_rigid,93.000,-0.0000
semimem_l,tree_rigid,94.000,0.0000
semimem_l,tree_rigid,94.645,-0.0000
semimem_l,tree_rigid,95.155,0.0000
semimem_l,tree_rigid,96.000,-0.0000
semimem_l,tree_rigid,97.000,-0.0000
semimem_l,tree_rigid,97.645,0.0000
semimem_l,tree_rigid,98.155,0.0000
semimem_l,tree_rigid,99.000,0.0000
semimem_l,tree_rigid,100.000,0.0000
semimem_l,femur_fixed,0.000,6.9679
semimem_l,femur_fixed,1.000,6.9565
semimem_l,femur_fixed,1.645,6.9463
semimem_l,femur_fixed,2.155,6.9368
semimem_l,femur_fixed,3.000,6.9180
semimem_l,femur_fixed,4.000,6.8912
semimem_l,femur_fixed,4.645,6.8716
semimem_l,femur_fixed,5.155,6.8548
semimem_l,femur_fixed,6.000,6.8246
semimem_l,femur_fixed,7.000,6.7847
semimem_l,femur_fixed,7.645,6.7564
semimem_l,femur_fixed,8.155,6.7326
semimem_l,femur_fixed,9.000,6.6905
semimem_l,femur_fixed,10.000,6.6364
semimem_l,femur_fixed,10.645,6.5994
semimem_l,femur_fixed,11.155,6.5690
semimem_l,femur_fixed,12.000,6.5171
semimem_l,femur_fixed,13.000,6.4529
semimem_l,femur_fixed,13.645,6.4101
semimem_l,femur_fixed,14.155,6.3756
semimem_l,femur_fixed,15.000,6.3171
semimem_l,femur_fixed,16.000,6.2459
semimem_l,femur_fixed,16.645,6.1989
semimem_l,femur_fixed,17.155,6.1611
semimem_l,femur_fixed,18.000,6.0974
semimem_l,femur_fixed,19.000,6.0208
semimem_l,femur_fixed,19.645,5.9704
semimem_l,femur_fixed,20.155,5.9298
semimem_l,femur_fixed,21.000,5.8610
semimem_l,femur_fixed,22.000,5.7768
semimem_l,femur_fixed,22.645,5.7206
semimem_l,femur_fixed,23.155,5.6753
semimem_l,femur_fixed,24.000,5.5982
semimem_l,femur_fixed,25.000,5.5044
semimem_l,femur_fixed,25.645,5.4431
semimem_l,femur_fixed,26.155,5.3946
semimem_l,femur_fixed,27.000,5.3150
semimem_l,femur_fixed,28.000,5.2235
semimem_l,femur_fixed,28.645,5.1669
semimem_l,femur_fixed,29.155,5.1237
semimem_l,femur_fixed,30.000,5.0553
semimem_l,femur_fixed,31.000,4.9794
semimem_l,femur_fixed,31.645,4.9328
semimem_l,femur_fixed,32.155,4.8970
semimem_l,femur_fixed,33.000,4.8396
semimem_l,femur_fixed,34.000,4.7743
semimem_l,femur_fixed,34.645,4.7337
semimem_l,femur_fixed,35.155,4.7025
semimem_l,femur_fixed,36.000,4.6525
semimem_l,femur_fixed,37.000,4.5967
semimem_l,femur_fixed,37.645,4.5626
semimem_l,femur_fixed,38.155,4.5368
semimem_l,femur_fixed,39.000,4.4966
semimem_l,femur_fixed,40.000,4.4535
semimem_l,femur_fixed,40.645,4.4283
semimem_l,femur_fixed,41.155,4.4099
semimem_l,femur_fixed,42.000,4.3830
semimem_l,femur_fixed,43.000,4.3580
semimem_l,femur_fixed,43.645,4.3462
semimem_l,femur_fixed,44.155,4.3394
semimem_l,femur_fixed,45.000,4.3331
semimem_l,femur_fixed,46.000,4.3333
semimem_l,femur_fixed,46.645,4.3376
semimem_l,femur_fixed,47.155,4.3434
semimem_l,femur_fixed,48.000,4.3575
semimem_l,femur_fixed,49.000,4.3823
semimem_l,femur_fixed,49.645,4.4033
semimem_l,femur_fixed,50.155,4.4229
semimem_l,femur_fixed,51.000,4.4610
semimem_l,femur_fixed,52.000,4.5151
semimem_l,femur_fixed,52.645,4.5550
semimem_l,femur_fixed,53.155,4.5891
semimem_l,femur_fixed,54.000,4.6504
semimem_l,femur_fixed,55.000,4.7299
semimem_l,femur_fixed,55.645,4.7848
semimem_l,femur_fixed,56.155,4.8301
semimem_l,femur_fixed,57.000,4.9081
semimem_l,femur_fixed,58.000,5.0038
semimem_l,femur_fixed,58.645,5.0663
semimem_l,femur_fixed,59.155,5.1158
semimem_l,femur_fixed,60.000,5.1976
semimem_l,femur_fixed,61.000,5.2935
semimem_l,femur_fixed,61.645,5.3548
semimem_l,femur_fixed,62.155,5.4027
semimem_l,femur_fixed,63.000,5.4799
semimem_l,femur_fixed,64.000,5.5659
semimem_l,femur_fixed,64.645,5.6180
semimem_l,femur_fixed,65.155,5.6575
semimem_l,femur_fixed,66.000,5.7193
semimem_l,femur_fixed,67.000,5.7869
semimem_l,femur_fixed,67.645,5.8274
semimem_l,femur_fixed,68.155,5.8578
semimem_l,femur_fixed,69.000,5.9054
semimem_l,femur_fixed,70.000,5.9577
semimem_l,femur_fixed,70.645,5.9896
semimem_l,femur_fixed,71.155,6.0141
semimem_l,femur_fixed,72.000,6.0533
semimem_l,femur_fixed,73.000,6.0983
semimem_l,femur_fixed,73.645,6.1266
semimem_l,femur_fixed,74.155,6.1486
semimem_l,femur_fixed,75.000,6.1847
semimem_l,femur_fixed,76.000,6.2270
semimem_l,femur_fixed,76.645,6.2541
semimem_l,femur_fixed,77.155,6.2756
semimem_l,femur_fixed,78.000,6.3110
semimem_l,femur_fixed,79.000,6.3530
semimem_l,femur_fixed,79.645,6.3802
semimem_l,femur_fixed,80.155,6.3888
semimem_l,femur_fixed,81.000,6.4262
semimem_l,femur_fixed,82.000,6.4708
semimem_l,femur_fixed,82.645,6.4997
semimem_l,femur_fixed,83.155,6.5225
semimem_l,femur_fixed,84.000,6.5605
semimem_l,femur_fixed,85.000,6.6054
semimem_l,femur_fixed,85.645,6.6343
semimem_l,femur_fixed,86.155,6.6570
semimem_l,femur_fixed,87.000,6.6944
semimem_l,femur_fixed,88.000,6.7379
semimem_l,femur_fixed,88.645,6.7655
semimem_l,femur_fixed,89.155,6.7870
semimem_l,femur_fixed,90.000,6.8217
semimem_l,femur_fixed,91.000,6.8609
semimem_l,femur_fixed,91.645,6.8850
semimem_l,femur_fixed,92.155,6.9033
semimem_l,femur_fixed,93.000,6.9317
semimem_l,femur_fixed,94.000,6.9621
semimem_l,femur_fixed,94.645,6.9796
semimem_l,femur_fixed,95.155,6.9922
semimem_l,femur_fixed,96.000,7.0106
semimem_l,femur_fixed,97.000,7.0284
semimem_l,femur_fixed,97.645,7.0377
semimem_l,femur_fixed,98.155,7.0440
semimem_l,femur_fixed,99.000,7.0525
semimem_l,femur_fixed,100.000,7.0597
semimem_l,adaptive,0.000,2.5827
semimem_l,adaptive,1.000,2.5280
semimem_l,adaptive,1.645,2.4900
semimem_l,adaptive,2.155,2.4579
semimem_l,adaptive,3.000,2.3985
semimem_l,adaptive,4.000,2.3246
semimem_l,adaptive,4.645,2.2801
semimem_l,adaptive,5.155,2.2480
semimem_l,adaptive,6.000,2.2009
semimem_l,adaptive,7.000,2.1531
semimem_l,adaptive,7.645,2.1256
semimem_l,adaptive,8.155,2.1065
semimem_l,adaptive,9.000,2.0819
semimem_l,adaptive,10.000,2.0616
semimem_l,adaptive,10.645,2.0516
semimem_l,adaptive,11.155,2.0451
semimem_l,adaptive,12.000,2.0373
semimem_l,adaptive,13.000,2.0318
semimem_l,adaptive,13.645,2.0301
semimem_l,adaptive,14.155,2.0301
semimem_l,adaptive,15.000,2.0334
semimem_l,adaptive,16.000,2.0383
semimem_l,adaptive,16.645,2.0387
semimem_l,adaptive,17.155,2.0361
semimem_l,adaptive,18.000,2.0242
semimem_l,adaptive,19.000,1.9971
semimem_l,adaptive,19.645,1.9653
semimem_l,adaptive,20.155,1.9289
semimem_l,adaptive,21.000,1.8412
semimem_l,adaptive,22.000,1.6946
semimem_l,adaptive,22.645,1.5848
semimem_l,adaptive,23.155,1.4940
semimem_l,adaptive,24.000,1.3409
semimem_l,adaptive,25.000,1.1551
semimem_l,adaptive,25.645,1.0325
semimem_l,adaptive,26.155,0.9357
semimem_l,adaptive,27.000,0.7794
semimem_l,adaptive,28.000,0.6092
semimem_l,adaptive,28.645,0.5143
semimem_l,adaptive,29.155,0.4497
semimem_l,adaptive,30.000,0.3627
semimem_l,adaptive,31.000,0.2843
semimem_l,adaptive,31.645,0.2422
semimem_l,adaptive,32.155,0.2111
semimem_l,adaptive,33.000,0.1607
semimem_l,adaptive,34.000,0.0979
semimem_l,adaptive,34.645,0.0539
semimem_l,adaptive,35.155,0.0173
semimem_l,adaptive,36.000,-0.0447
semimem_l,adaptive,37.000,-0.1176
semimem_l,adaptive,37.645,-0.1632
semimem_l,adaptive,38.155,-0.1979
semimem_l,adaptive,39.000,-0.2512
semimem_l,adaptive,40.000,-0.3069
semimem_l,adaptive,40.645,-0.3390
semimem_l,adaptive,41.155,-0.3626
semimem_l,adaptive,42.000,-0.3968
semimem_l,adaptive,43.000,-0.4245
semimem_l,adaptive,43.645,-0.4317
semimem_l,adaptive,44.155,-0.4308
semimem_l,adaptive,45.000,-0.4176
semimem_l,adaptive,46.000,-0.3870
semimem_l,adaptive,46.645,-0.3613
semimem_l,adaptive,47.155,-0.3375
semimem_l,adaptive,48.000,-0.2875
semimem_l,adaptive,49.000,-0.1980
semimem_l,adaptive,49.645,-0.1156
semimem_l,adaptive,50.155,-0.0346
semimem_l,adaptive,51.000,0.1314
semimem_l,adaptive,52.000,0.3772
semimem_l,adaptive,52.645,0.5623
semimem_l,adaptive,53.155,0.7221
semimem_l,adaptive,54.000,1.0106
semimem_l,adaptive,55.000,1.3842
semimem_l,adaptive,55.645,1.6399
semimem_l,adaptive,56.155,1.8486
semimem_l,adaptive,57.000,2.2025
semimem_l,adaptive,58.000,2.6168
semimem_l,adaptive,58.645,2.8724
semimem_l,adaptive,59.155,3.0681
semimem_l,adaptive,60.000,3.3829
semimem_l,adaptive,61.000,3.7443
semimem_l,adaptive,61.645,3.9715
semimem_l,adaptive,62.155,4.1466
semimem_l,adaptive,63.000,4.4178
semimem_l,adaptive,64.000,4.6921
semimem_l,adaptive,64.645,4.8412
semimem_l,adaptive,65.155,4.9489
semimem_l,adaptive,66.000,5.1158
semimem_l,adaptive,67.000,5.2978
semimem_l,adaptive,67.645,5.4056
semimem_l,adaptive,68.155,5.4849
semimem_l,adaptive,69.000,5.6057
semimem_l,adaptive,70.000,5.7383
semimem_l,adaptive,70.645,5.8215
semimem_l,adaptive,71.155,5.8862
semimem_l,adaptive,72.000,5.9904
semimem_l,adaptive,73.000,6.1062
semimem_l,adaptive,73.645,6.1758
semimem_l,adaptive,74.155,6.2282
semimem_l,adaptive,75.000,6.3113
semimem_l,adaptive,76.000,6.4060
semimem_l,adaptive,76.645,6.4656
semimem_l,adaptive,77.155,6.6552
semimem_l,adaptive,78.000,6.7027
semimem_l,adaptive,79.000,6.7588
semimem_l,adaptive,79.645,6.7946
semimem_l,adaptive,80.155,6.6774
semimem_l,adaptive,81.000,6.7480
semimem_l,adaptive,82.000,6.8273
semimem_l,adaptive,82.645,6.8763
semimem_l,adaptive,83.155,6.9141
semimem_l,adaptive,84.000,6.9747
semimem_l,adaptive,85.000,7.0431
semimem_l,adaptive,85.645,7.0851
semimem_l,adaptive,86.155,7.1173
semimem_l,adaptive,87.000,7.1687
semimem_l,adaptive,88.000,7.2274
semimem_l,adaptive,88.645,7.2642
semimem_l,adaptive,89.155,7.2930
semimem_l,adaptive,90.000,7.3399
semimem_l,adaptive,91.000,7.3933
semimem_l,adaptive,91.645,7.4262
semimem_l,adaptive,92.155,7.4511
semimem_l,adaptive,93.000,7.4898
semimem_l,adaptive,94.000,7.5309
semimem_l,adaptive,94.645,7.5548
semimem_l,adaptive,95.155,7.5721
semimem_l,adaptive,96.000,7.5971
semimem_l,adaptive,97.000,7.6198
semimem_l,adaptive,97.645,7.6317
semimem_l,adaptive,98.155,7.6400
semimem_l,adaptive,99.000,7.6526
semimem_l,adaptive,100.000,7.6658
semiten_l,tree_rigid,0.000,-0.0000
semiten_l,tree_rigid,1.000,-0.0000
semiten_l,tree_rigid,1.645,-0.0000
semiten_l,tree_rigid,2.155,0.0000
semiten_l,tree_rigid,3.000,-0.0000
semiten_l,tree_rigid,4.000,-0.0000
semiten_l,tree_rigid,4.645,0.0000
semiten_l,tree_rigid,5.155,0.0000
semiten_l,tree_rigid,6.000,-0.0000
semiten_l,tree_rigid,7.000,0.0000
semiten_l,tree_rigid,7.645,0.0000
semiten_l,tree_rigid,8.155,0.0000
semiten_l,tree_rigid,9.000,-0.0000
semiten_l,tree_rigid,10.000,-0.0000
semiten_l,tree_rigid,10.645,-0.0000
semiten_l,tree_rigid,11.155,0.0000
semiten_l,tree_rigid,12.000,0.0000
semiten_l,tree_rigid,13.000,-0.0000
semiten_l,tree_rigid,13.645,0.0000
semiten_l,tree_rigid,14.155,0.0000
semiten_l,tree_rigid,15.000,-0.0000
semiten_l,tree_rigid,16.000,-0.0000
semiten_l,tree_rigid,16.645,0.0000
semiten_l,tree_rigid,17.155,0.0000
semiten_l,tree_rigid,18.000,-0.0000
semiten_l,tree_rigid,19.000,-0.0000
semiten_l,tree_rigid,19.645,0.0000
semiten_l,tree_rigid,20.155,0.0000
semiten_l,tree_rigid,21.000,0.0000
semiten_l,tree_rigid,22.000,0.0000
semiten_l,tree_rigid,22.645,0.0000
semiten_l,tree_rigid,23.155,0.0000
semiten_l,tree_rigid,24.000,0.0000
semiten_l,tree_rigid,25.000,0.0000
semiten_l,tree_rigid,25.645,0.0000
semiten_l,tree_rigid,26.155,0.0000
semiten_l,tree_rigid,27.000,0.0000
semiten_l,tree_rigid,28.000,0.0000
semiten_l,tree_rigid,28.645,0.0000
semiten_l,tree_rigid,29.155,0.0000
semiten_l,tree_rigid,30.000,0.0000
semiten_l,tree_rigid,31.000,-0.0000
semiten_l,tree_rigid,31.645,0.0000
semiten_l,tree_rigid,32.155,-0.0000
semiten_l,tree_rigid,33.000,-0.0000
semiten_l,tree_rigid,34.000,-0.0000
semiten_l,tree_rigid,34.645,0.0000
semiten_l,tree_rigid,35.155,-0.0000
semiten_l,tree_rigid,36.000,0.0000
semiten_l,tree_rigid,37.000,0.0000
semiten_l,tree_rigid,37.645,0.0000
semiten_l,tree_rigid,38.155,0.0000
semiten_l,tree_rigid,39.000,0.0000
semiten_l,tree_rigid,40.000,-0.0000
semiten_l,tree_rigid,40.645,-0.0000
semiten_l,tree_rigid,41.155,-0.0000
semiten_l,tree_rigid,42.000,0.0000
semiten_l,tree_rigid,43.000,0.0000
semiten_l,tree_rigid,43.645,0.0000
semiten_l,tree_rigid,44.155,-0.0000
semiten_l,tree_rigid,45.000,-0.0000
semiten_l,tree_rigid,46.000,0.0000
semiten_l,tree_rigid,46.645,-0.0000
semiten_l,tree_rigid,47.155,0.0000
semiten_l,tree_rigid,48.000,0.0000
semiten_l,tree_rigid,49.000,-0.0000
semiten_l,tree_rigid,49.645,0.0000
semiten_l,tree_rigid,50.155,0.0000
semiten_l,tree_rigid,51.000,0.0000
semiten_l,tree_rigid,52.000,-0.0000
semiten_l,tree_rigid,52.645,0.0000
semiten_l,tree_rigid,53.155,-0.0000
semiten_l,tree_rigid,54.000,0.0000
semiten_l,tree_rigid,55.000,0.0000
semiten_l,tree_rigid,55.645,0.0000
semiten_l,tree_rigid,56.155,-0.0000
semiten_l,tree_rigid,57.000,-0.0000
semiten_l,tree_rigid,58.000,0.0000
semiten_l,tree_rigid,58.645,0.0000
semiten_l,tree_rigid,59.155,-0.0000
semiten_l,tree_rigid,60.000,0.0000
semiten_l,tree_rigid,61.000,0.0000
semiten_l,tree_rigid,61.645,0.0000
semiten_l,tree_rigid,62.155,-0.0000
semiten_l,tree_rigid,63.000,-0.0000
semiten_l,tree_rigid,64.000,-0.0000
semiten_l,tree_rigid,64.645,-0.0000
semiten_l,tree_rigid,65.155,-0.0000
semiten_l,tree_rigid,66.000,-0.0000
semiten_l,tree_rigid,67.000,0.0000
semiten_l,tree_rigid,67.645,-0.0000
semiten_l,tree_rigid,68.155,-0.0000
semiten_l,tree_rigid,69.000,0.0000
semiten_l,tree_rigid,70.000,0.0000
semiten_l,tree_rigid,70.645,-0.0000
semiten_l,tree_rigid,71.155,0.0000
semiten_l,tree_rigid,72.000,0.0000
semiten_l,tree_rigid,73.000,-0.0000
semiten_l,tree_rigid,73.645,-0.0000
semiten_l,tree_rigid,74.155,-0.0000
semiten_l,tree_rigid,75.000,0.0000
semiten_l,tree_rigid,76.000,0.0000
semiten_l,tree_rigid,76.645,-0.0000
semiten_l,tree_rigid,77.155,-0.0000
semiten_l,tree_rigid,78.000,-0.0000
semiten_l,tree_rigid,79.000,0.0000
semiten_l,tree_rigid,79.645,0.0000
semiten_l,tree_rigid,80.155,0.0000
semiten_l,tree_rigid,81.000,0.0000
semiten_l,tree_rigid,82.000,0.0000
semiten_l,tree_rigid,82.645,0.0000
semiten_l,tree_rigid,83.155,0.0000
semiten_l,tree_rigid,84.000,0.0000
semiten_l,tree_rigid,85.000,0.0000
semiten_l,tree_rigid,85.645,-0.0000
semiten_l,tree_rigid,86.155,0.0000
semiten_l,tree_rigid,87.000,-0.0000
semiten_l,tree_rigid,88.000,0.0000
semiten_l,tree_rigid,88.645,-0.0000
semiten_l,tree_rigid,89.155,0.0000
semiten_l,tree_rigid,90.000,-0.0000
semiten_l,tree_rigid,91.000,-0.0000
semiten_l,tree_rigid,91.645,0.0000
semiten_l,tree_rigid,92.155,0.0000
semiten_l,tree_rigid,93.000,-0.0000
semiten_l,tree_rigid,94.000,0.0000
semiten_l,tree_rigid,94.645,0.0000
semiten_l,tree_rigid,95.155,0.0000
semiten_l,tree_rigid,96.000,-0.0000
semiten_l,tree_rigid,97.000,0.0000
semiten_l,tree_rigid,97.645,-0.0000
semiten_l,tree_rigid,98.155,0.0000
semiten_l,tree_rigid,99.000,0.0000
semiten_l,tree_rigid,100.000,0.0000
semiten_l,femur_fixed,0.000,8.4933
semiten_l,femur_fixed,1.000,8.4957
semiten_l,femur_fixed,1.645,8.4936
semiten_l,femur_fixed,2.155,8.4899
semiten_l,femur_fixed,3.000,8.4801
semiten_l,femur_fixed,4.000,8.4623
semiten_l,femur_fixed,4.645,8.4476
semiten_l,femur_fixed,5.155,8.4342
semiten_l,femur_fixed,6.000,8.4088
semiten_l,femur_fixed,7.000,8.3734
semiten_l,femur_fixed,7.645,8.3474
semiten_l,femur_fixed,8.155,8.3251
semiten_l,femur_fixed,9.000,8.2848
semiten_l,femur_fixed,10.000,8.2319
semiten_l,femur_fixed,10.645,8.1951
semiten_l,femur_fixed,11.155,8.1647
semiten_l,femur_fixed,12.000,8.1122
semiten_l,femur_fixed,13.000,8.0467
semiten_l,femur_fixed,13.645,8.0026
semiten_l,femur_fixed,14.155,7.9669
semiten_l,femur_fixed,15.000,7.9062
semiten_l,femur_fixed,16.000,7.8320
semiten_l,femur_fixed,16.645,7.7828
semiten_l,femur_fixed,17.155,7.7432
semiten_l,femur_fixed,18.000,7.6763
semiten_l,femur_fixed,19.000,7.5956
semiten_l,femur_fixed,19.645,7.5423
semiten_l,femur_fixed,20.155,7.4994
semiten_l,femur_fixed,21.000,7.4265
semiten_l,femur_fixed,22.000,7.3369
semiten_l,femur_fixed,22.645,7.2770
semiten_l,femur_fixed,23.155,7.2285
semiten_l,femur_fixed,24.000,7.1459
semiten_l,femur_fixed,25.000,7.0451
semiten_l,femur_fixed,25.645,6.9791
semiten_l,femur_fixed,26.155,6.9268
semiten_l,femur_fixed,27.000,6.8409
semiten_l,femur_fixed,28.000,6.7420
semiten_l,femur_fixed,28.645,6.6808
semiten_l,femur_fixed,29.155,6.6342
semiten_l,femur_fixed,30.000,6.5606
semiten_l,femur_fixed,31.000,6.4789
semiten_l,femur_fixed,31.645,6.4290
semiten_l,femur_fixed,32.155,6.3908
semiten_l,femur_fixed,33.000,6.3296
semiten_l,femur_fixed,34.000,6.2601
semiten_l,femur_fixed,34.645,6.2170
semiten_l,femur_fixed,35.155,6.1840
semiten_l,femur_fixed,36.000,6.1313
semiten_l,femur_fixed,37.000,6.0726
semiten_l,femur_fixed,37.645,6.0369
semiten_l,femur_fixed,38.155,6.0101
semiten_l,femur_fixed,39.000,5.9684
semiten_l,femur_fixed,40.000,5.9240
semiten_l,femur_fixed,40.645,5.8984
semiten_l,femur_fixed,41.155,5.8798
semiten_l,femur_fixed,42.000,5.8531
semiten_l,femur_fixed,43.000,5.8289
semiten_l,femur_fixed,43.645,5.8182
semiten_l,femur_fixed,44.155,5.8126
semiten_l,femur_fixed,45.000,5.8087
semiten_l,femur_fixed,46.000,5.8127
semiten_l,femur_fixed,46.645,5.8199
semiten_l,femur_fixed,47.155,5.8281
semiten_l,femur_fixed,48.000,5.8468
semiten_l,femur_fixed,49.000,5.8779
semiten_l,femur_fixed,49.645,5.9035
semiten_l,femur_fixed,50.155,5.9269
semiten_l,femur_fixed,51.000,5.9719
semiten_l,femur_fixed,52.000,6.0351
semiten_l,femur_fixed,52.645,6.0813
semiten_l,femur_fixed,53.155,6.1206
semiten_l,femur_fixed,54.000,6.1908
semiten_l,femur_fixed,55.000,6.2812
semiten_l,femur_fixed,55.645,6.3433
semiten_l,femur_fixed,56.155,6.3943
semiten_l,femur_fixed,57.000,6.4820
semiten_l,femur_fixed,58.000,6.5891
semiten_l,femur_fixed,58.645,6.6588
semiten_l,femur_fixed,59.155,6.7138
semiten_l,femur_fixed,60.000,6.8046
semiten_l,femur_fixed,61.000,6.9107
semiten_l,femur_fixed,61.645,6.9782
semiten_l,femur_fixed,62.155,7.0310
semiten_l,femur_fixed,63.000,7.1157
semiten_l,femur_fixed,64.000,7.2098
semiten_l,femur_fixed,64.645,7.2667
semiten_l,femur_fixed,65.155,7.3096
semiten_l,femur_fixed,66.000,7.3767
semiten_l,femur_fixed,67.000,7.4497
semiten_l,femur_fixed,67.645,7.4934
semiten_l,femur_fixed,68.155,7.5260
semiten_l,femur_fixed,69.000,7.5769
semiten_l,femur_fixed,70.000,7.6325
semiten_l,femur_fixed,70.645,7.6664
semiten_l,femur_fixed,71.155,7.6922
semiten_l,femur_fixed,72.000,7.7335
semiten_l,femur_fixed,73.000,7.7806
semiten_l,femur_fixed,73.645,7.8102
semiten_l,femur_fixed,74.155,7.8332
semiten_l,femur_fixed,75.000,7.8708
semiten_l,femur_fixed,76.000,7.9147
semiten_l,femur_fixed,76.645,7.9429
semiten_l,femur_fixed,77.155,7.9651
semiten_l,femur_fixed,78.000,8.0019
semiten_l,femur_fixed,79.000,8.0454
semiten_l,femur_fixed,79.645,8.0736
semiten_l,femur_fixed,80.155,8.0961
semiten_l,femur_fixed,81.000,8.1334
semiten_l,femur_fixed,82.000,8.1779
semiten_l,femur_fixed,82.645,8.2069
semiten_l,femur_fixed,83.155,8.2298
semiten_l,femur_fixed,84.000,8.2679
semiten_l,femur_fixed,85.000,8.3131
semiten_l,femur_fixed,85.645,8.3420
semiten_l,femur_fixed,86.155,8.3648
semiten_l,femur_fixed,87.000,8.4022
semiten_l,femur_fixed,88.000,8.4457
semiten_l,femur_fixed,88.645,8.4730
semiten_l,femur_fixed,89.155,8.4942
semiten_l,femur_fixed,90.000,8.5281
semiten_l,femur_fixed,91.000,8.5662
semiten_l,femur_fixed,91.645,8.5892
semiten_l,femur_fixed,92.155,8.6064
semiten_l,femur_fixed,93.000,8.6328
semiten_l,femur_fixed,94.000,8.6600
semiten_l,femur_fixed,94.645,8.6751
semiten_l,femur_fixed,95.155,8.6854
semiten_l,femur_fixed,96.000,8.6996
semiten_l,femur_fixed,97.000,8.7052
semiten_l,femur_fixed,97.645,8.7111
semiten_l,femur_fixed,98.155,8.7142
semiten_l,femur_fixed,99.000,8.7169
semiten_l,femur_fixed,100.000,8.7162
semiten_l,adaptive,0.000,3.0134
semiten_l,adaptive,1.000,2.9454
semiten_l,adaptive,1.645,2.8968
semiten_l,adaptive,2.155,2.8552
semiten_l,adaptive,3.000,2.7774
semiten_l,adaptive,4.000,2.6791
semiten_l,adaptive,4.645,2.6194
semiten_l,adaptive,5.155,2.5761
semiten_l,adaptive,6.000,2.5120
semiten_l,adaptive,7.000,2.4464
semiten_l,adaptive,7.645,2.4086
semiten_l,adaptive,8.155,2.3823
semiten_l,adaptive,9.000,2.3486
semiten_l,adaptive,10.000,2.3210
semiten_l,adaptive,10.645,2.3078
semiten_l,adaptive,11.155,2.2992
semiten_l,adaptive,12.000,2.2894
semiten_l,adaptive,13.000,2.2839
semiten_l,adaptive,13.645,2.2836
semiten_l,adaptive,14.155,2.2857
semiten_l,adaptive,15.000,2.2941
semiten_l,adaptive,16.000,2.3064
semiten_l,adaptive,16.645,2.3112
semiten_l,adaptive,17.155,2.3114
semiten_l,adaptive,18.000,2.3024
semiten_l,adaptive,19.000,2.2751
semiten_l,adaptive,19.645,2.2384
semiten_l,adaptive,20.155,2.1940
semiten_l,adaptive,21.000,2.0829
semiten_l,adaptive,22.000,1.8921
semiten_l,adaptive,22.645,1.7471
semiten_l,adaptive,23.155,1.6263
semiten_l,adaptive,24.000,1.4223
semiten_l,adaptive,25.000,1.1742
semiten_l,adaptive,25.645,1.0099
semiten_l,adaptive,26.155,0.8796
semiten_l,adaptive,27.000,0.6677
semiten_l,adaptive,28.000,0.4337
semiten_l,adaptive,28.645,0.3014
semiten_l,adaptive,29.155,0.2104
semiten_l,adaptive,30.000,0.0866
semiten_l,adaptive,31.000,-0.0248
semiten_l,adaptive,31.645,-0.0833
semiten_l,adaptive,32.155,-0.1251
semiten_l,adaptive,33.000,-0.1902
semiten_l,adaptive,34.000,-0.2669
semiten_l,adaptive,34.645,-0.3189
semiten_l,adaptive,35.155,-0.3614
semiten_l,adaptive,36.000,-0.4319
semiten_l,adaptive,37.000,-0.5118
semiten_l,adaptive,37.645,-0.5599
semiten_l,adaptive,38.155,-0.5952
semiten_l,adaptive,39.000,-0.6468
semiten_l,adaptive,40.000,-0.6951
semiten_l,adaptive,40.645,-0.7196
semiten_l,adaptive,41.155,-0.7359
semiten_l,adaptive,42.000,-0.7548
semiten_l,adaptive,43.000,-0.7577
semiten_l,adaptive,43.645,-0.7438
semiten_l,adaptive,44.155,-0.7231
semiten_l,adaptive,45.000,-0.6719
semiten_l,adaptive,46.000,-0.5895
semiten_l,adaptive,46.645,-0.5284
semiten_l,adaptive,47.155,-0.4760
semiten_l,adaptive,48.000,-0.3780
semiten_l,adaptive,49.000,-0.2282
semiten_l,adaptive,49.645,-0.1035
semiten_l,adaptive,50.155,0.0128
semiten_l,adaptive,51.000,0.2409
semiten_l,adaptive,52.000,0.5656
semiten_l,adaptive,52.645,0.8038
semiten_l,adaptive,53.155,1.0069
semiten_l,adaptive,54.000,1.3688
semiten_l,adaptive,55.000,1.8313
semiten_l,adaptive,55.645,2.1450
semiten_l,adaptive,56.155,2.3998
semiten_l,adaptive,57.000,2.8301
semiten_l,adaptive,58.000,3.3325
semiten_l,adaptive,58.645,3.6426
semiten_l,adaptive,59.155,3.8807
semiten_l,adaptive,60.000,4.2655
semiten_l,adaptive,61.000,4.7109
semiten_l,adaptive,61.645,4.9932
semiten_l,adaptive,62.155,5.2119
semiten_l,adaptive,63.000,5.5507
semiten_l,adaptive,64.000,5.8914
semiten_l,adaptive,64.645,6.0752
semiten_l,adaptive,65.155,6.2079
semiten_l,adaptive,66.000,6.4151
semiten_l,adaptive,67.000,6.6443
semiten_l,adaptive,67.645,6.7819
semiten_l,adaptive,68.155,6.8843
semiten_l,adaptive,69.000,7.0431
semiten_l,adaptive,70.000,7.2211
semiten_l,adaptive,70.645,7.3343
semiten_l,adaptive,71.155,7.4229
semiten_l,adaptive,72.000,7.5662
semiten_l,adaptive,73.000,7.7262
semiten_l,adaptive,73.645,7.8224
semiten_l,adaptive,74.155,7.8948
semiten_l,adaptive,75.000,8.0091
semiten_l,adaptive,76.000,8.1382
semiten_l,adaptive,76.645,8.2187
semiten_l,adaptive,77.155,8.2806
semiten_l,adaptive,78.000,8.3786
semiten_l,adaptive,79.000,8.4864
semiten_l,adaptive,79.645,8.5513
semiten_l,adaptive,80.155,8.6003
semiten_l,adaptive,81.000,8.6773
semiten_l,adaptive,82.000,8.7628
semiten_l,adaptive,82.645,8.8153
semiten_l,adaptive,83.155,8.8555
semiten_l,adaptive,84.000,8.9196
semiten_l,adaptive,85.000,8.9913
semiten_l,adaptive,85.645,9.0349
semiten_l,adaptive,86.155,9.0681
semiten_l,adaptive,87.000,9.1208
semiten_l,adaptive,88.000,9.1802
semiten_l,adaptive,88.645,9.2173
semiten_l,adaptive,89.155,9.2462
semiten_l,adaptive,90.000,9.2931
semiten_l,adaptive,91.000,9.3461
semiten_l,adaptive,91.645,9.3785
semiten_l,adaptive,92.155,9.4028
semiten_l,adaptive,93.000,9.4400
semiten_l,adaptive,94.000,9.4787
semiten_l,adaptive,94.645,9.5005
semiten_l,adaptive,95.155,9.5160
semiten_l,adaptive,96.000,9.7274
semiten_l,adaptive,97.000,9.5287
semiten_l,adaptive,97.645,9.5438
semiten_l,adaptive,98.155,9.5545
semiten_l,adaptive,99.000,9.5707
semiten_l,adaptive,100.000,9.5882
bifemlh_l,tree_rigid,0.000,0.0000
bifemlh_l,tree_rigid,1.000,0.0000
bifemlh_l,tree_rigid,1.645,0.0000
bifemlh_l,tree_rigid,2.155,0.0000
bifemlh_l,tree_rigid,3.000,0.0000
bifemlh_l,tree_rigid,4.000,0.0000
bifemlh_l,tree_rigid,4.645,0.0000
bifemlh_l,tree_rigid,5.155,-0.0000
bifemlh_l,tree_rigid,6.000,0.0000
bifemlh_l,tree_rigid,7.000,0.0000
bifemlh_l,tree_rigid,7.645,0.0000
bifemlh_l,tree_rigid,8.155,0.0000
bifemlh_l,tree_rigid,9.000,-0.0000
bifemlh_l,tree_rigid,10.000,0.0000
bifemlh_l,tree_rigid,10.645,0.0000
bifemlh_l,tree_rigid,11.155,0.0000
bifemlh_l,tree_rigid,12.000,-0.0000
bifemlh_l,tree_rigid,13.000,-0.0000
bifemlh_l,tree_rigid,13.645,0.0000
bifemlh_l,tree_rigid,14.155,0.0000
bifemlh_l,tree_rigid,15.000,0.0000
bifemlh_l,tree_rigid,16.000,-0.0000
bifemlh_l,tree_rigid,16.645,0.0000
bifemlh_l,tree_rigid,17.155,-0.0000
bifemlh_l,tree_rigid,18.000,-0.0000
bifemlh_l,tree_rigid,19.000,-0.0000
bifemlh_l,tree_rigid,19.645,0.0000
bifemlh_l,tree_rigid,20.155,0.0000
bifemlh_l,tree_rigid,21.000,0.0000
bifemlh_l,tree_rigid,22.000,0.0000
bifemlh_l,tree_rigid,22.645,-0.0000
bifemlh_l,tree_rigid,23.155,0.0000
bifemlh_l,tree_rigid,24.000,-0.0000
bifemlh_l,tree_rigid,25.000,0.0000
bifemlh_l,tree_rigid,25.645,-0.0000
bifemlh_l,tree_rigid,26.155,-0.0000
bifemlh_l,tree_rigid,27.000,0.0000
bifemlh_l,tree_rigid,28.000,0.0000
bifemlh_l,tree_rigid,28.645,0.0000
bifemlh_l,tree_rigid,29.155,0.0000
bifemlh_l,tree_rigid,30.000,-0.0000
bifemlh_l,tree_rigid,31.000,-0.0000
bifemlh_l,tree_rigid,31.645,0.0000
bifemlh_l,tree_rigid,32.155,-0.0000
bifemlh_l,tree_rigid,33.000,0.0000
bifemlh_l,tree_rigid,34.000,0.0000
bifemlh_l,tree_rigid,34.645,0.0000
bifemlh_l,tree_rigid,35.155,0.0000
bifemlh_l,tree_rigid,36.000,-0.0000
bifemlh_l,tree_rigid,37.000,-0.0000
bifemlh_l,tree_rigid,37.645,0.0000
bifemlh_l,tree_rigid,38.155,-0.0000
bifemlh_l,tree_rigid,39.000,-0.0000
bifemlh_l,tree_rigid,40.000,-0.0000
bifemlh_l,tree_rigid,40.645,-0.0000
bifemlh_l,tree_rigid,41.155,-0.0000
bifemlh_l,tree_rigid,42.000,0.0000
bifemlh_l,tree_rigid,43.000,-0.0000
bifemlh_l,tree_rigid,43.645,-0.0000
bifemlh_l,tree_rigid,44.155,0.0000
bifemlh_l,tree_rigid,45.000,0.0000
bifemlh_l,tree_rigid,46.000,-0.0000
bifemlh_l,tree_rigid,46.645,-0.0000
bifemlh_l,tree_rigid,47.155,0.0000
bifemlh_l,tree_rigid,48.000,0.0000
bifemlh_l,tree_rigid,49.000,-0.0000
bifemlh_l,tree_rigid,49.645,0.0000
bifemlh_l,tree_rigid,50.155,0.0000
bifemlh_l,tree_rigid,51.000,0.0000
bifemlh_l,tree_rigid,52.000,-0.0000
bifemlh_l,tree_rigid,52.645,0.0000
bifemlh_l,tree_rigid,53.155,0.0000
bifemlh_l,tree_rigid,54.000,-0.0000
bifemlh_l,tree_rigid,55.000,-0.0000
bifemlh_l,tree_rigid,55.645,0.0000
bifemlh_l,tree_rigid,56.155,-0.0000
bifemlh_l,tree_rigid,57.000,-0.0000
bifemlh_l,tree_rigid,58.000,-0.0000
bifemlh_l,tree_rigid,58.645,0.0000
bifemlh_l,tree_rigid,59.155,0.0000
bifemlh_l,tree_rigid,60.000,-0.0000
bifemlh_l,tree_rigid,61.000,0.0000
bifemlh_l,tree_rigid,61.645,0.0000
bifemlh_l,tree_rigid,62.155,-0.0000
bifemlh_l,tree_rigid,63.000,0.0000
bifemlh_l,tree_rigid,64.000,0.0000
bifemlh_l,tree_rigid,64.645,0.0000
bifemlh_l,tree_rigid,65.155,-0.0000
bifemlh_l,tree_rigid,66.000,-0.0000
bifemlh_l,tree_rigid,67.000,0.0000
bifemlh_l,tree_rigid,67.645,-0.0000
bifemlh_l,tree_rigid,68.155,-0.0000
bifemlh_l,tree_rigid,69.000,0.0000
bifemlh_l,tree_rigid,70.000,-0.0000
bifemlh_l,tree_rigid,70.645,-0.0000
bifemlh_l,tree_rigid,71.155,0.0000
bifemlh_l,tree_rigid,72.000,0.0000
bifemlh_l,tree_rigid,73.000,-0.0000
bifemlh_l,tree_rigid,73.645,-0.0000
bifemlh_l,tree_rigid,74.155,-0.0000
bifemlh_l,tree_rigid,75.000,0.0000
bifemlh_l,tree_rigid,76.000,0.0000
bifemlh_l,tree_rigid,76.645,0.0000
bifemlh_l,tree_rigid,77.155,-0.0000
bifemlh_l,tree_rigid,78.000,-0.0000
bifemlh_l,tree_rigid,79.000,0.0000
bifemlh_l,tree_rigid,79.645,0.0000
bifemlh_l,tree_rigid,80.155,0.0000
bifemlh_l,tree_rigid,81.000,-0.0000
bifemlh_l,tree_rigid,82.000,0.0000
bifemlh_l,tree_rigid,82.645,0.0000
bifemlh_l,tree_rigid,83.155,-0.0000
bifemlh_l,tree_rigid,84.000,0.0000
bifemlh_l,tree_rigid,85.000,-0.0000
bifemlh_l,tree_rigid,85.645,-0.0000
bifemlh_l,tree_rigid,86.155,0.0000
bifemlh_l,tree_rigid,87.000,0.0000
bifemlh_l,tree_rigid,88.000,-0.0000
bifemlh_l,tree_rigid,88.645,0.0000
bifemlh_l,tree_rigid,89.155,0.0000
bifemlh_l,tree_rigid,90.000,0.0000
bifemlh_l,tree_rigid,91.000,0.0000
bifemlh_l,tree_rigid,91.645,0.0000
bifemlh_l,tree_rigid,92.155,0.0000
bifemlh_l,tree_rigid,93.000,0.0000
bifemlh_l,tree_rigid,94.000,-0.0000
bifemlh_l,tree_rigid,94.645,-0.0000
bifemlh_l,tree_rigid,95.155,0.0000
bifemlh_l,tree_rigid,96.000,-0.0000
bifemlh_l,tree_rigid,97.000,0.0000
bifemlh_l,tree_rigid,97.645,0.0000
bifemlh_l,tree_rigid,98.155,0.0000
bifemlh_l,tree_rigid,99.000,0.0000
bifemlh_l,tree_rigid,100.000,-0.0000
bifemlh_l,femur_fixed,0.000,7.7624
bifemlh_l,femur_fixed,1.000,7.7376
bifemlh_l,femur_fixed,1.645,7.7187
bifemlh_l,femur_fixed,2.155,7.7021
bifemlh_l,femur_fixed,3.000,7.6716
bifemlh_l,femur_fixed,4.000,7.6309
bifemlh_l,femur_fixed,4.645,7.6022
bifemlh_l,femur_fixed,5.155,7.5782
bifemlh_l,femur_fixed,6.000,7.5361
bifemlh_l,femur_fixed,7.000,7.4818
bifemlh_l,femur_fixed,7.645,7.4441
bifemlh_l,femur_fixed,8.155,7.4127
bifemlh_l,femur_fixed,9.000,7.3579
bifemlh_l,femur_fixed,10.000,7.2884
bifemlh_l,femur_fixed,10.645,7.2413
bifemlh_l,femur_fixed,11.155,7.2030
bifemlh_l,femur_fixed,12.000,7.1378
bifemlh_l,femur_fixed,13.000,7.0582
bifemlh_l,femur_fixed,13.645,7.0055
bifemlh_l,femur_fixed,14.155,6.9632
bifemlh_l,femur_fixed,15.000,6.8921
bifemlh_l,femur_fixed,16.000,6.8065
bifemlh_l,femur_fixed,16.645,6.7504
bifemlh_l,femur_fixed,17.155,6.7056
bifemlh_l,femur_fixed,18.000,6.6309
bifemlh_l,femur_fixed,19.000,6.5419
bifemlh_l,femur_fixed,19.645,6.4838
bifemlh_l,femur_fixed,20.155,6.4373
bifemlh_l,femur_fixed,21.000,6.3588
bifemlh_l,femur_fixed,22.000,6.2628
bifemlh_l,femur_fixed,22.645,6.1990
bifemlh_l,femur_fixed,23.155,6.1474
bifemlh_l,femur_fixed,24.000,6.0598
bifemlh_l,femur_fixed,25.000,5.9529
bifemlh_l,femur_fixed,25.645,5.8827
bifemlh_l,femur_fixed,26.155,5.8269
bifemlh_l,femur_fixed,27.000,5.7349
bifemlh_l,femur_fixed,28.000,5.6281
bifemlh_l,femur_fixed,28.645,5.5615
bifemlh_l,femur_fixed,29.155,5.5104
bifemlh_l,femur_fixed,30.000,5.4290
bifemlh_l,femur_fixed,31.000,5.3380
bifemlh_l,femur_fixed,31.645,5.2818
bifemlh_l,femur_fixed,32.155,5.2386
bifemlh_l,femur_fixed,33.000,5.1692
bifemlh_l,femur_fixed,34.000,5.0903
bifemlh_l,femur_fixed,34.645,5.0412
bifemlh_l,femur_fixed,35.155,5.0035
bifemlh_l,femur_fixed,36.000,4.9433
bifemlh_l,femur_fixed,37.000,4.8759
bifemlh_l,femur_fixed,37.645,4.8348
bifemlh_l,femur_fixed,38.155,4.8037
bifemlh_l,femur_fixed,39.000,4.7552
bifemlh_l,femur_fixed,40.000,4.7033
bifemlh_l,femur_fixed,40.645,4.6731
bifemlh_l,femur_fixed,41.155,4.6512
bifemlh_l,femur_fixed,42.000,4.6195
bifemlh_l,femur_fixed,43.000,4.5905
bifemlh_l,femur_fixed,43.645,4.5774
bifemlh_l,femur_fixed,44.155,4.5703
bifemlh_l,femur_fixed,45.000,4.5647
bifemlh_l,femur_fixed,46.000,4.5680
bifemlh_l,femur_fixed,46.645,4.5755
bifemlh_l,femur_fixed,47.155,4.5843
bifemlh_l,femur_fixed,48.000,4.6047
bifemlh_l,femur_fixed,49.000,4.6390
bifemlh_l,femur_fixed,49.645,4.6674
bifemlh_l,femur_fixed,50.155,4.6934
bifemlh_l,femur_fixed,51.000,4.7433
bifemlh_l,femur_fixed,52.000,4.8132
bifemlh_l,femur_fixed,52.645,4.8642
bifemlh_l,femur_fixed,53.155,4.9076
bifemlh_l,femur_fixed,54.000,4.9851
bifemlh_l,femur_fixed,55.000,5.0848
bifemlh_l,femur_fixed,55.645,5.1532
bifemlh_l,femur_fixed,56.155,5.2094
bifemlh_l,femur_fixed,57.000,5.3059
bifemlh_l,femur_fixed,58.000,5.4238
bifemlh_l,femur_fixed,58.645,5.5009
bifemlh_l,femur_fixed,59.155,5.5620
bifemlh_l,femur_fixed,60.000,5.6631
bifemlh_l,femur_fixed,61.000,5.7822
bifemlh_l,femur_fixed,61.645,5.8584
bifemlh_l,femur_fixed,62.155,5.9182
bifemlh_l,femur_fixed,63.000,6.0147
bifemlh_l,femur_fixed,64.000,6.1227
bifemlh_l,femur_fixed,64.645,6.1884
bifemlh_l,femur_fixed,65.155,6.2383
bifemlh_l,femur_fixed,66.000,6.3167
bifemlh_l,femur_fixed,67.000,6.4029
bifemlh_l,femur_fixed,67.645,6.4547
bifemlh_l,femur_fixed,68.155,6.4938
bifemlh_l,femur_fixed,69.000,6.5551
bifemlh_l,femur_fixed,70.000,6.6227
bifemlh_l,femur_fixed,70.645,6.6641
bifemlh_l,femur_fixed,71.155,6.6958
bifemlh_l,femur_fixed,72.000,6.7468
bifemlh_l,femur_fixed,73.000,6.8050
bifemlh_l,femur_fixed,73.645,6.8417
bifemlh_l,femur_fixed,74.155,6.8702
bifemlh_l,femur_fixed,75.000,6.9169
bifemlh_l,femur_fixed,76.000,6.9714
bifemlh_l,femur_fixed,76.645,7.0064
bifemlh_l,femur_fixed,77.155,7.0339
bifemlh_l,femur_fixed,78.000,7.0795
bifemlh_l,femur_fixed,79.000,7.1334
bifemlh_l,femur_fixed,79.645,7.1684
bifemlh_l,femur_fixed,80.155,7.1962
bifemlh_l,femur_fixed,81.000,7.2425
bifemlh_l,femur_fixed,82.000,7.2979
bifemlh_l,femur_fixed,82.645,7.3339
bifemlh_l,femur_fixed,83.155,7.3625
bifemlh_l,femur_fixed,84.000,7.4102
bifemlh_l,femur_fixed,85.000,7.4669
bifemlh_l,femur_fixed,85.645,7.5035
bifemlh_l,femur_fixed,86.155,7.5324
bifemlh_l,femur_fixed,87.000,7.5801
bifemlh_l,femur_fixed,88.000,7.6360
bifemlh_l,femur_fixed,88.645,7.6717
bifemlh_l,femur_fixed,89.155,7.6995
bifemlh_l,femur_fixed,90.000,7.7449
bifemlh_l,femur_fixed,91.000,7.7967
bifemlh_l,femur_fixed,91.645,7.8289
bifemlh_l,femur_fixed,92.155,7.8534
bifemlh_l,femur_fixed,93.000,7.8922
bifemlh_l,femur_fixed,94.000,7.9344
bifemlh_l,femur_fixed,94.645,7.9592
bifemlh_l,femur_fixed,95.155,7.9774
bifemlh_l,femur_fixed,96.000,8.0044
bifemlh_l,femur_fixed,97.000,8.0314
bifemlh_l,femur_fixed,97.645,8.0461
bifemlh_l,femur_fixed,98.155,8.0563
bifemlh_l,femur_fixed,99.000,8.0707
bifemlh_l,femur_fixed,100.000,8.0841
bifemlh_l,adaptive,0.000,2.8547
bifemlh_l,adaptive,1.000,2.8031
bifemlh_l,adaptive,1.645,2.7670
bifemlh_l,adaptive,2.155,2.7365
bifemlh_l,adaptive,3.000,2.6788
bifemlh_l,adaptive,4.000,2.6071
bifemlh_l,adaptive,4.645,2.5660
bifemlh_l,adaptive,5.155,2.5378
bifemlh_l,adaptive,6.000,2.4991
bifemlh_l,adaptive,7.000,2.4632
bifemlh_l,adaptive,7.645,2.4437
bifemlh_l,adaptive,8.155,2.4309
bifemlh_l,adaptive,9.000,2.4172
bifemlh_l,adaptive,10.000,2.4093
bifemlh_l,adaptive,10.645,2.4061
bifemlh_l,adaptive,11.155,2.4039
bifemlh_l,adaptive,12.000,2.4020
bifemlh_l,adaptive,13.000,2.4019
bifemlh_l,adaptive,13.645,2.4033
bifemlh_l,adaptive,14.155,2.4061
bifemlh_l,adaptive,15.000,2.4148
bifemlh_l,adaptive,16.000,2.4266
bifemlh_l,adaptive,16.645,2.4310
bifemlh_l,adaptive,17.155,2.4314
bifemlh_l,adaptive,18.000,2.4252
bifemlh_l,adaptive,19.000,2.4084
bifemlh_l,adaptive,19.645,2.3855
bifemlh_l,adaptive,20.155,2.3570
bifemlh_l,adaptive,21.000,2.2823
bifemlh_l,adaptive,22.000,2.1490
bifemlh_l,adaptive,22.645,2.0460
bifemlh_l,adaptive,23.155,1.9593
bifemlh_l,adaptive,24.000,1.8102
bifemlh_l,adaptive,25.000,1.6239
bifemlh_l,adaptive,25.645,1.4980
bifemlh_l,adaptive,26.155,1.3972
bifemlh_l,adaptive,27.000,1.2322
bifemlh_l,adaptive,28.000,1.0501
bifemlh_l,adaptive,28.645,0.9478
bifemlh_l,adaptive,29.155,0.8784
bifemlh_l,adaptive,30.000,0.7853
bifemlh_l,adaptive,31.000,0.7034
bifemlh_l,adaptive,31.645,0.6605
bifemlh_l,adaptive,32.155,0.6296
bifemlh_l,adaptive,33.000,0.5802
bifemlh_l,adaptive,34.000,0.5201
bifemlh_l,adaptive,34.645,0.4784
bifemlh_l,adaptive,35.155,0.4436
bifemlh_l,adaptive,36.000,0.3844
bifemlh_l,adaptive,37.000,0.3149
bifemlh_l,adaptive,37.645,0.2715
bifemlh_l,adaptive,38.155,0.2386
bifemlh_l,adaptive,39.000,0.1884
bifemlh_l,adaptive,40.000,0.1374
bifemlh_l,adaptive,40.645,0.1089
bifemlh_l,adaptive,41.155,0.0886
bifemlh_l,adaptive,42.000,0.0606
bifemlh_l,adaptive,43.000,0.0415
bifemlh_l,adaptive,43.645,0.0403
bifemlh_l,adaptive,44.155,0.0461
bifemlh_l,adaptive,45.000,0.0674
bifemlh_l,adaptive,46.000,0.1074
bifemlh_l,adaptive,46.645,0.1387
bifemlh_l,adaptive,47.155,0.1664
bifemlh_l,adaptive,48.000,0.2211
bifemlh_l,adaptive,49.000,0.3118
bifemlh_l,adaptive,49.645,0.3916
bifemlh_l,adaptive,50.155,0.4685
bifemlh_l,adaptive,51.000,0.6232
bifemlh_l,adaptive,52.000,0.8491
bifemlh_l,adaptive,52.645,1.0177
bifemlh_l,adaptive,53.155,1.1628
bifemlh_l,adaptive,54.000,1.4239
bifemlh_l,adaptive,55.000,1.7617
bifemlh_l,adaptive,55.645,1.9930
bifemlh_l,adaptive,56.155,2.1819
bifemlh_l,adaptive,57.000,2.5030
bifemlh_l,adaptive,58.000,2.8795
bifemlh_l,adaptive,58.645,3.1117
bifemlh_l,adaptive,59.155,3.2896
bifemlh_l,adaptive,60.000,3.5759
bifemlh_l,adaptive,61.000,3.9053
bifemlh_l,adaptive,61.645,4.1132
bifemlh_l,adaptive,62.155,4.2738
bifemlh_l,adaptive,63.000,4.5206
bifemlh_l,adaptive,64.000,4.7630
bifemlh_l,adaptive,64.645,4.8895
bifemlh_l,adaptive,65.155,4.9791
bifemlh_l,adaptive,66.000,5.1173
bifemlh_l,adaptive,67.000,5.2680
bifemlh_l,adaptive,67.645,5.3576
bifemlh_l,adaptive,68.155,5.4242
bifemlh_l,adaptive,69.000,5.5280
bifemlh_l,adaptive,70.000,5.6478
bifemlh_l,adaptive,70.645,5.7275
bifemlh_l,adaptive,71.155,5.7922
bifemlh_l,adaptive,72.000,5.9013
bifemlh_l,adaptive,73.000,6.0301
bifemlh_l,adaptive,73.645,6.1113
bifemlh_l,adaptive,74.155,6.1743
bifemlh_l,adaptive,75.000,6.2772
bifemlh_l,adaptive,76.000,6.3977
bifemlh_l,adaptive,76.645,6.4750
bifemlh_l,adaptive,77.155,6.5357
bifemlh_l,adaptive,78.000,6.6341
bifemlh_l,adaptive,79.000,6.7465
bifemlh_l,adaptive,79.645,6.8168
bifemlh_l,adaptive,80.155,6.8712
bifemlh_l,adaptive,81.000,6.9595
bifemlh_l,adaptive,82.000,7.0614
bifemlh_l,adaptive,82.645,7.1259
bifemlh_l,adaptive,83.155,7.1763
bifemlh_l,adaptive,84.000,7.2584
bifemlh_l,adaptive,85.000,7.3526
bifemlh_l,adaptive,85.645,7.4116
bifemlh_l,adaptive,86.155,7.4572
bifemlh_l,adaptive,87.000,7.5309
bifemlh_l,adaptive,88.000,7.6161
bifemlh_l,adaptive,88.645,7.6703
bifemlh_l,adaptive,89.155,7.7131
bifemlh_l,adaptive,90.000,7.7838
bifemlh_l,adaptive,91.000,7.8667
bifemlh_l,adaptive,91.645,7.9192
bifemlh_l,adaptive,92.155,7.9601
bifemlh_l,adaptive,93.000,8.0257
bifemlh_l,adaptive,94.000,8.0997
bifemlh_l,adaptive,94.645,8.1444
bifemlh_l,adaptive,95.155,8.1780
bifemlh_l,adaptive,96.000,8.2299
bifemlh_l,adaptive,97.000,8.2856
bifemlh_l,adaptive,97.645,8.3190
bifemlh_l,adaptive,98.155,8.3446
bifemlh_l,adaptive,99.000,8.3864
bifemlh_l,adaptive,100.000,8.4350
bifemsh_l,tree_rigid,0.000,-0.0000
bifemsh_l,tree_rigid,1.000,0.0000
bifemsh_l,tree_rigid,1.645,0.0000
bifemsh_l,tree_rigid,2.155,0.0000
bifemsh_l,tree_rigid,3.000,0.0000
bifemsh_l,tree_rigid,4.000,0.0000
bifemsh_l,tree_rigid,4.645,-0.0000
bifemsh_l,tree_rigid,5.155,-0.0000
bifemsh_l,tree_rigid,6.000,0.0000
bifemsh_l,tree_rigid,7.000,0.0000
bifemsh_l,tree_rigid,7.645,0.0000
bifemsh_l,tree_rigid,8.155,0.0000
bifemsh_l,tree_rigid,9.000,-0.0000
bifemsh_l,tree_rigid,10.000,-0.0000
bifemsh_l,tree_rigid,10.645,0.0000
bifemsh_l,tree_rigid,11.155,0.0000
bifemsh_l,tree_rigid,12.000,-0.0000
bifemsh_l,tree_rigid,13.000,-0.0000
bifemsh_l,tree_rigid,13.645,-0.0000
bifemsh_l,tree_rigid,14.155,-0.0000
bifemsh_l,tree_rigid,15.000,0.0000
bifemsh_l,tree_rigid,16.000,-0.0000
bifemsh_l,tree_rigid,16.645,0.0000
bifemsh_l,tree_rigid,17.155,-0.0000
bifemsh_l,tree_rigid,18.000,0.0000
bifemsh_l,tree_rigid,19.000,0.0000
bifemsh_l,tree_rigid,19.645,0.0000
bifemsh_l,tree_rigid,20.155,0.0000
bifemsh_l,tree_rigid,21.000,0.0000
bifemsh_l,tree_rigid,22.000,0.0000
bifemsh_l,tree_rigid,22.645,0.0000
bifemsh_l,tree_rigid,23.155,-0.0000
bifemsh_l,tree_rigid,24.000,-0.0000
bifemsh_l,tree_rigid,25.000,0.0000
bifemsh_l,tree_rigid,25.645,-0.0000
bifemsh_l,tree_rigid,26.155,-0.0000
bifemsh_l,tree_rigid,27.000,0.0000
bifemsh_l,tree_rigid,28.000,0.0000
bifemsh_l,tree_rigid,28.645,-0.0000
bifemsh_l,tree_rigid,29.155,0.0000
bifemsh_l,tree_rigid,30.000,-0.0000
bifemsh_l,tree_rigid,31.000,-0.0000
bifemsh_l,tree_rigid,31.645,0.0000
bifemsh_l,tree_rigid,32.155,-0.0000
bifemsh_l,tree_rigid,33.000,0.0000
bifemsh_l,tree_rigid,34.000,0.0000
bifemsh_l,tree_rigid,34.645,-0.0000
bifemsh_l,tree_rigid,35.155,-0.0000
bifemsh_l,tree_rigid,36.000,-0.0000
bifemsh_l,tree_rigid,37.000,-0.0000
bifemsh_l,tree_rigid,37.645,0.0000
bifemsh_l,tree_rigid,38.155,0.0000
bifemsh_l,tree_rigid,39.000,-0.0000
bifemsh_l,tree_rigid,40.000,-0.0000
bifemsh_l,tree_rigid,40.645,-0.0000
bifemsh_l,tree_rigid,41.155,-0.0000
bifemsh_l,tree_rigid,42.000,0.0000
bifemsh_l,tree_rigid,43.000,-0.0000
bifemsh_l,tree_rigid,43.645,-0.0000
bifemsh_l,tree_rigid,44.155,0.0000
bifemsh_l,tree_rigid,45.000,0.0000
bifemsh_l,tree_rigid,46.000,-0.0000
bifemsh_l,tree_rigid,46.645,-0.0000
bifemsh_l,tree_rigid,47.155,0.0000
bifemsh_l,tree_rigid,48.000,0.0000
bifemsh_l,tree_rigid,49.000,-0.0000
bifemsh_l,tree_rigid,49.645,0.0000
bifemsh_l,tree_rigid,50.155,0.0000
bifemsh_l,tree_rigid,51.000,-0.0000
bifemsh_l,tree_rigid,52.000,0.0000
bifemsh_l,tree_rigid,52.645,0.0000
bifemsh_l,tree_rigid,53.155,0.0000
bifemsh_l,tree_rigid,54.000,-0.0000
bifemsh_l,tree_rigid,55.000,-0.0000
bifemsh_l,tree_rigid,55.645,-0.0000
bifemsh_l,tree_rigid,56.155,-0.0000
bifemsh_l,tree_rigid,57.000,0.0000
bifemsh_l,tree_rigid,58.000,-0.0000
bifemsh_l,tree_rigid,58.645,0.0000
bifemsh_l,tree_rigid,59.155,0.0000
bifemsh_l,tree_rigid,60.000,-0.0000
bifemsh_l,tree_rigid,61.000,0.0000
bifemsh_l,tree_rigid,61.645,0.0000
bifemsh_l,tree_rigid,62.155,0.0000
bifemsh_l,tree_rigid,63.000,0.0000
bifemsh_l,tree_rigid,64.000,-0.0000
bifemsh_l,tree_rigid,64.645,0.0000
bifemsh_l,tree_rigid,65.155,-0.0000
bifemsh_l,tree_rigid,66.000,-0.0000
bifemsh_l,tree_rigid,67.000,0.0000
bifemsh_l,tree_rigid,67.645,-0.0000
bifemsh_l,tree_rigid,68.155,-0.0000
bifemsh_l,tree_rigid,69.000,0.0000
bifemsh_l,tree_rigid,70.000,-0.0000
bifemsh_l,tree_rigid,70.645,-0.0000
bifemsh_l,tree_rigid,71.155,0.0000
bifemsh_l,tree_rigid,72.000,0.0000
bifemsh_l,tree_rigid,73.000,-0.0000
bifemsh_l,tree_rigid,73.645,-0.0000
bifemsh_l,tree_rigid,74.155,-0.0000
bifemsh_l,tree_rigid,75.000,0.0000
bifemsh_l,tree_rigid,76.000,0.0000
bifemsh_l,tree_rigid,76.645,0.0000
bifemsh_l,tree_rigid,77.155,-0.0000
bifemsh_l,tree_rigid,78.000,-0.0000
bifemsh_l,tree_rigid,79.000,0.0000
bifemsh_l,tree_rigid,79.645,0.0000
bifemsh_l,tree_rigid,80.155,-0.0000
bifemsh_l,tree_rigid,81.000,-0.0000
bifemsh_l,tree_rigid,82.000,0.0000
bifemsh_l,tree_rigid,82.645,-0.0000
bifemsh_l,tree_rigid,83.155,-0.0000
bifemsh_l,tree_rigid,84.000,-0.0000
bifemsh_l,tree_rigid,85.000,-0.0000
bifemsh_l,tree_rigid,85.645,0.0000
bifemsh_l,tree_rigid,86.155,0.0000
bifemsh_l,tree_rigid,87.000,0.0000
bifemsh_l,tree_rigid,88.000,0.0000
bifemsh_l,tree_rigid,88.645,-0.0000
bifemsh_l,tree_rigid,89.155,-0.0000
bifemsh_l,tree_rigid,90.000,-0.0000
bifemsh_l,tree_rigid,91.000,0.0000
bifemsh_l,tree_rigid,91.645,0.0000
bifemsh_l,tree_rigid,92.155,0.0000
bifemsh_l,tree_rigid,93.000,0.0000
bifemsh_l,tree_rigid,94.000,0.0000
bifemsh_l,tree_rigid,94.645,-0.0000
bifemsh_l,tree_rigid,95.155,-0.0000
bifemsh_l,tree_rigid,96.000,-0.0000
bifemsh_l,tree_rigid,97.000,0.0000
bifemsh_l,tree_rigid,97.645,-0.0000
bifemsh_l,tree_rigid,98.155,-0.0000
bifemsh_l,tree_rigid,99.000,-0.0000
bifemsh_l,tree_rigid,100.000,-0.0000
bifemsh_l,femur_fixed,0.000,-0.0000
bifemsh_l,femur_fixed,1.000,0.0000
bifemsh_l,femur_fixed,1.645,0.0000
bifemsh_l,femur_fixed,2.155,-0.0000
bifemsh_l,femur_fixed,3.000,0.0000
bifemsh_l,femur_fixed,4.000,-0.0000
bifemsh_l,femur_fixed,4.645,0.0000
bifemsh_l,femur_fixed,5.155,-0.0000
bifemsh_l,femur_fixed,6.000,-0.0000
bifemsh_l,femur_fixed,7.000,0.0000
bifemsh_l,femur_fixed,7.645,0.0000
bifemsh_l,femur_fixed,8.155,0.0000
bifemsh_l,femur_fixed,9.000,-0.0000
bifemsh_l,femur_fixed,10.000,-0.0000
bifemsh_l,femur_fixed,10.645,0.0000
bifemsh_l,femur_fixed,11.155,0.0000
bifemsh_l,femur_fixed,12.000,0.0000
bifemsh_l,femur_fixed,13.000,-0.0000
bifemsh_l,femur_fixed,13.645,-0.0000
bifemsh_l,femur_fixed,14.155,-0.0000
bifemsh_l,femur_fixed,15.000,0.0000
bifemsh_l,femur_fixed,16.000,0.0000
bifemsh_l,femur_fixed,16.645,-0.0000
bifemsh_l,femur_fixed,17.155,-0.0000
bifemsh_l,femur_fixed,18.000,0.0000
bifemsh_l,femur_fixed,19.000,-0.0000
bifemsh_l,femur_fixed,19.645,0.0000
bifemsh_l,femur_fixed,20.155,0.0000
bifemsh_l,femur_fixed,21.000,-0.0000
bifemsh_l,femur_fixed,22.000,-0.0000
bifemsh_l,femur_fixed,22.645,-0.0000
bifemsh_l,femur_fixed,23.155,-0.0000
bifemsh_l,femur_fixed,24.000,0.0000
bifemsh_l,femur_fixed,25.000,0.0000
bifemsh_l,femur_fixed,25.645,0.0000
bifemsh_l,femur_fixed,26.155,-0.0000
bifemsh_l,femur_fixed,27.000,-0.0000
bifemsh_l,femur_fixed,28.000,-0.0000
bifemsh_l,femur_fixed,28.645,0.0000
bifemsh_l,femur_fixed,29.155,0.0000
bifemsh_l,femur_fixed,30.000,0.0000
bifemsh_l,femur_fixed,31.000,0.0000
bifemsh_l,femur_fixed,31.645,-0.0000
bifemsh_l,femur_fixed,32.155,-0.0000
bifemsh_l,femur_fixed,33.000,-0.0000
bifemsh_l,femur_fixed,34.000,0.0000
bifemsh_l,femur_fixed,34.645,-0.0000
bifemsh_l,femur_fixed,35.155,0.0000
bifemsh_l,femur_fixed,36.000,-0.0000
bifemsh_l,femur_fixed,37.000,-0.0000
bifemsh_l,femur_fixed,37.645,-0.0000
bifemsh_l,femur_fixed,38.155,0.0000
bifemsh_l,femur_fixed,39.000,0.0000
bifemsh_l,femur_fixed,40.000,0.0000
bifemsh_l,femur_fixed,40.645,0.0000
bifemsh_l,femur_fixed,41.155,0.0000
bifemsh_l,femur_fixed,42.000,0.0000
bifemsh_l,femur_fixed,43.000,-0.0000
bifemsh_l,femur_fixed,43.645,0.0000
bifemsh_l,femur_fixed,44.155,-0.0000
bifemsh_l,femur_fixed,45.000,0.0000
bifemsh_l,femur_fixed,46.000,-0.0000
bifemsh_l,femur_fixed,46.645,-0.0000
bifemsh_l,femur_fixed,47.155,0.0000
bifemsh_l,femur_fixed,48.000,0.0000
bifemsh_l,femur_fixed,49.000,-0.0000
bifemsh_l,femur_fixed,49.645,-0.0000
bifemsh_l,femur_fixed,50.155,-0.0000
bifemsh_l,femur_fixed,51.000,0.0000
bifemsh_l,femur_fixed,52.000,0.0000
bifemsh_l,femur_fixed,52.645,0.0000
bifemsh_l,femur_fixed,53.155,0.0000
bifemsh_l,femur_fixed,54.000,0.0000
bifemsh_l,femur_fixed,55.000,-0.0000
bifemsh_l,femur_fixed,55.645,-0.0000
bifemsh_l,femur_fixed,56.155,0.0000
bifemsh_l,femur_fixed,57.000,0.0000
bifemsh_l,femur_fixed,58.000,0.0000
bifemsh_l,femur_fixed,58.645,0.0000
bifemsh_l,femur_fixed,59.155,0.0000
bifemsh_l,femur_fixed,60.000,-0.0000
bifemsh_l,femur_fixed,61.000,-0.0000
bifemsh_l,femur_fixed,61.645,0.0000
bifemsh_l,femur_fixed,62.155,-0.0000
bifemsh_l,femur_fixed,63.000,0.0000
bifemsh_l,femur_fixed,64.000,-0.0000
bifemsh_l,femur_fixed,64.645,0.0000
bifemsh_l,femur_fixed,65.155,-0.0000
bifemsh_l,femur_fixed,66.000,-0.0000
bifemsh_l,femur_fixed,67.000,0.0000
bifemsh_l,femur_fixed,67.645,0.0000
bifemsh_l,femur_fixed,68.155,-0.0000
bifemsh_l,femur_fixed,69.000,0.0000
bifemsh_l,femur_fixed,70.000,0.0000
bifemsh_l,femur_fixed,70.645,-0.0000
bifemsh_l,femur_fixed,71.155,0.0000
bifemsh_l,femur_fixed,72.000,0.0000
bifemsh_l,femur_fixed,73.000,-0.0000
bifemsh_l,femur_fixed,73.645,0.0000
bifemsh_l,femur_fixed,74.155,0.0000
bifemsh_l,femur_fixed,75.000,0.0000
bifemsh_l,femur_fixed,76.000,0.0000
bifemsh_l,femur_fixed,76.645,-0.0000
bifemsh_l,femur_fixed,77.155,-0.0000
bifemsh_l,femur_fixed,78.000,0.0000
bifemsh_l,femur_fixed,79.000,0.0000
bifemsh_l,femur_fixed,79.645,0.0000
bifemsh_l,femur_fixed,80.155,-0.0000
bifemsh_l,femur_fixed,81.000,-0.0000
bifemsh_l,femur_fixed,82.000,0.0000
bifemsh_l,femur_fixed,82.645,-0.0000
bifemsh_l,femur_fixed,83.155,-0.0000
bifemsh_l,femur_fixed,84.000,0.0000
bifemsh_l,femur_fixed,85.000,0.0000
bifemsh_l,femur_fixed,85.645,0.0000
bifemsh_l,femur_fixed,86.155,0.0000
bifemsh_l,femur_fixed,87.000,0.0000
bifemsh_l,femur_fixed,88.000,0.0000
bifemsh_l,femur_fixed,88.645,-0.0000
bifemsh_l,femur_fixed,89.155,-0.0000
bifemsh_l,femur_fixed,90.000,-0.0000
bifemsh_l,femur_fixed,91.000,0.0000
bifemsh_l,femur_fixed,91.645,0.0000
bifemsh_l,femur_fixed,92.155,0.0000
bifemsh_l,femur_fixed,93.000,0.0000
bifemsh_l,femur_fixed,94.000,0.0000
bifemsh_l,femur_fixed,94.645,0.0000
bifemsh_l,femur_fixed,95.155,0.0000
bifemsh_l,femur_fixed,96.000,-0.0000
bifemsh_l,femur_fixed,97.000,0.0000
bifemsh_l,femur_fixed,97.645,0.0000
bifemsh_l,femur_fixed,98.155,0.0000
bifemsh_l,femur_fixed,99.000,-0.0000
bifemsh_l,femur_fixed,100.000,-0.0000
bifemsh_l,adaptive,0.000,0.0000
bifemsh_l,adaptive,1.000,-0.0195
bifemsh_l,adaptive,1.645,-0.0312
bifemsh_l,adaptive,2.155,-0.0399
bifemsh_l,adaptive,3.000,-0.0529
bifemsh_l,adaptive,4.000,-0.0668
bifemsh_l,adaptive,4.645,-0.0759
bifemsh_l,adaptive,5.155,-0.0831
bifemsh_l,adaptive,6.000,-0.0949
bifemsh_l,adaptive,7.000,-0.1083
bifemsh_l,adaptive,7.645,-0.1164
bifemsh_l,adaptive,8.155,-0.1225
bifemsh_l,adaptive,9.000,-0.1323
bifemsh_l,adaptive,10.000,-0.1430
bifemsh_l,adaptive,10.645,-0.1491
bifemsh_l,adaptive,11.155,-0.1535
bifemsh_l,adaptive,12.000,-0.1601
bifemsh_l,adaptive,13.000,-0.1674
bifemsh_l,adaptive,13.645,-0.1720
bifemsh_l,adaptive,14.155,-0.1756
bifemsh_l,adaptive,15.000,-0.1816
bifemsh_l,adaptive,16.000,-0.1878
bifemsh_l,adaptive,16.645,-0.1910
bifemsh_l,adaptive,17.155,-0.1930
bifemsh_l,adaptive,18.000,-0.1959
bifemsh_l,adaptive,19.000,-0.1997
bifemsh_l,adaptive,19.645,-0.2023
bifemsh_l,adaptive,20.155,-0.2043
bifemsh_l,adaptive,21.000,-0.2069
bifemsh_l,adaptive,22.000,-0.2082
bifemsh_l,adaptive,22.645,-0.2079
bifemsh_l,adaptive,23.155,-0.2069
bifemsh_l,adaptive,24.000,-0.2039
bifemsh_l,adaptive,25.000,-0.1980
bifemsh_l,adaptive,25.645,-0.1929
bifemsh_l,adaptive,26.155,-0.1882
bifemsh_l,adaptive,27.000,-0.1792
bifemsh_l,adaptive,28.000,-0.1672
bifemsh_l,adaptive,28.645,-0.1592
bifemsh_l,adaptive,29.155,-0.1531
bifemsh_l,adaptive,30.000,-0.1443
bifemsh_l,adaptive,31.000,-0.1368
bifemsh_l,adaptive,31.645,-0.1339
bifemsh_l,adaptive,32.155,-0.1329
bifemsh_l,adaptive,33.000,-0.1338
bifemsh_l,adaptive,34.000,-0.1392
bifemsh_l,adaptive,34.645,-0.1450
bifemsh_l,adaptive,35.155,-0.1508
bifemsh_l,adaptive,36.000,-0.1628
bifemsh_l,adaptive,37.000,-0.1808
bifemsh_l,adaptive,37.645,-0.1948
bifemsh_l,adaptive,38.155,-0.2071
bifemsh_l,adaptive,39.000,-0.2301
bifemsh_l,adaptive,40.000,-0.2618
bifemsh_l,adaptive,40.645,-0.2851
bifemsh_l,adaptive,41.155,-0.3052
bifemsh_l,adaptive,42.000,-0.3414
bifemsh_l,adaptive,43.000,-0.3886
bifemsh_l,adaptive,43.645,-0.4209
bifemsh_l,adaptive,44.155,-0.4471
bifemsh_l,adaptive,45.000,-0.4917
bifemsh_l,adaptive,46.000,-0.5453
bifemsh_l,adaptive,46.645,-0.5793
bifemsh_l,adaptive,47.155,-0.6047
bifemsh_l,adaptive,48.000,-0.6412
bifemsh_l,adaptive,49.000,-0.6684
bifemsh_l,adaptive,49.645,-0.6729
bifemsh_l,adaptive,50.155,-0.6676
bifemsh_l,adaptive,51.000,-0.6399
bifemsh_l,adaptive,52.000,-0.5755
bifemsh_l,adaptive,52.645,-0.5158
bifemsh_l,adaptive,53.155,-0.4589
bifemsh_l,adaptive,54.000,-0.3472
bifemsh_l,adaptive,55.000,-0.1901
bifemsh_l,adaptive,55.645,-0.0768
bifemsh_l,adaptive,56.155,0.0180
bifemsh_l,adaptive,57.000,0.1824
bifemsh_l,adaptive,58.000,0.3807
bifemsh_l,adaptive,58.645,0.5065
bifemsh_l,adaptive,59.155,0.6040
bifemsh_l,adaptive,60.000,0.7611
bifemsh_l,adaptive,61.000,0.9383
bifemsh_l,adaptive,61.645,1.0465
bifemsh_l,adaptive,62.155,1.1284
bifemsh_l,adaptive,63.000,1.2580
bifemsh_l,adaptive,64.000,1.4044
bifemsh_l,adaptive,64.645,1.4947
bifemsh_l,adaptive,65.155,1.5628
bifemsh_l,adaptive,66.000,1.6673
bifemsh_l,adaptive,67.000,1.7773
bifemsh_l,adaptive,67.645,1.8389
bifemsh_l,adaptive,68.155,1.8810
bifemsh_l,adaptive,69.000,1.9363
bifemsh_l,adaptive,70.000,1.9790
bifemsh_l,adaptive,70.645,1.9943
bifemsh_l,adaptive,71.155,2.0000
bifemsh_l,adaptive,72.000,1.9978
bifemsh_l,adaptive,73.000,1.9789
bifemsh_l,adaptive,73.645,1.9590
bifemsh_l,adaptive,74.155,1.9398
bifemsh_l,adaptive,75.000,1.9026
bifemsh_l,adaptive,76.000,1.8522
bifemsh_l,adaptive,76.645,1.8168
bifemsh_l,adaptive,77.155,1.7876
bifemsh_l,adaptive,78.000,1.7369
bifemsh_l,adaptive,79.000,1.6731
bifemsh_l,adaptive,79.645,1.6298
bifemsh_l,adaptive,80.155,1.5945
bifemsh_l,adaptive,81.000,1.5339
bifemsh_l,adaptive,82.000,1.4594
bifemsh_l,adaptive,82.645,1.4101
bifemsh_l,adaptive,83.155,1.3707
bifemsh_l,adaptive,84.000,1.3046
bifemsh_l,adaptive,85.000,1.2258
bifemsh_l,adaptive,85.645,1.1748
bifemsh_l,adaptive,86.155,1.1345
bifemsh_l,adaptive,87.000,1.0682
bifemsh_l,adaptive,88.000,0.9908
bifemsh_l,adaptive,88.645,0.9411
bifemsh_l,adaptive,89.155,0.9020
bifemsh_l,adaptive,90.000,0.8373
bifemsh_l,adaptive,91.000,0.7609
bifemsh_l,adaptive,91.645,0.7116
bifemsh_l,adaptive,92.155,0.6727
bifemsh_l,adaptive,93.000,0.6082
bifemsh_l,adaptive,94.000,0.5318
bifemsh_l,adaptive,94.645,0.4822
bifemsh_l,adaptive,95.155,0.4426
bifemsh_l,adaptive,96.000,0.3745
bifemsh_l,adaptive,97.000,0.2881
bifemsh_l,adaptive,97.645,0.2295
bifemsh_l,adaptive,98.155,0.1818
bifemsh_l,adaptive,99.000,0.1002
bifemsh_l,adaptive,100.000,0.0000
