source_file,experiment,condition,mesh_N,requested_offset_deg,return_status,strict,anterior_tilt_deg,speed_mps,final_inf_pr,adopted
pred_sprinting_data_16-August-2026__08-45-23___HamCompEQ_w0100.mat,HamCompEQ,HamCompEQ_w0100,50,,Solve_Succeeded,True,3.5610,11.73792,6.087e-09,
pred_sprinting_data_16-August-2026__10-00-48___HamCompEQ_w0500.mat,HamCompEQ,HamCompEQ_w0500,50,,Solve_Succeeded,True,-3.3271,11.55807,1.793e-08,
pred_sprinting_data_16-August-2026__10-50-11___HamCompEQ_w2000.mat,HamCompEQ,HamCompEQ_w2000,50,,Solve_Succeeded,True,-4.0956,11.44809,2.944e-08,
pred_sprinting_data_15-August-2026__20-35-47___HamEcc_w0000.mat,HamEcc,HamEcc_w0000,50,,Solve_Succeeded,True,7.6859,11.77337,1.172e-08,
pred_sprinting_data_15-August-2026__21-05-50___HamEcc_w0100.mat,HamEcc,HamEcc_w0100,50,,Solve_Succeeded,True,7.2858,11.77009,1.182e-08,
pred_sprinting_data_15-August-2026__21-52-25___HamEcc_w0500.mat,HamEcc,HamEcc_w0500,50,,Solve_Succeeded,True,6.9320,11.70407,5.089e-09,
pred_sprinting_data_15-August-2026__23-50-54___HamEcc_w2000.mat,HamEcc,HamEcc_w2000,50,,Solve_Succeeded,True,6.1821,11.64528,1.594e-08,
pred_sprinting_data_16-August-2026__02-16-25___HamEcc_w8000.mat,HamEcc,HamEcc_w8000,50,,Solve_Succeeded,True,7.4777,11.55258,1.239e-10,
pred_sprinting_data_23-July-2026__16-59-51___HamPareto_Nom_w0000.mat,HamPareto,HamPareto_Nom_w0000,50,,Solve_Succeeded,True,7.4622,11.77739,3.831e-08,
pred_sprinting_data_23-July-2026__17-25-32___HamPareto_Nom_w0050.mat,HamPareto,HamPareto_Nom_w0050,50,,Solve_Succeeded,True,5.3513,11.76670,4.974e-08,
pred_sprinting_data_23-July-2026__17-43-08___HamPareto_Nom_w0100.mat,HamPareto,HamPareto_Nom_w0100,50,,Solve_Succeeded,True,3.9703,11.74905,3.657e-09,
pred_sprinting_data_23-July-2026__17-04-03___HamPareto_Nom_w0200.mat,HamPareto,HamPareto_Nom_w0200,50,,Solve_Succeeded,True,7.4619,11.77739,3.454e-08,
pred_sprinting_data_23-July-2026__18-03-58___HamPareto_Nom_w0200.mat,HamPareto,HamPareto_Nom_w0200,50,,Solve_Succeeded,True,1.3350,11.70517,9.128e-09,
pred_sprinting_data_23-July-2026__18-25-35___HamPareto_Nom_w0400.mat,HamPareto,HamPareto_Nom_w0400,50,,Solve_Succeeded,True,-1.4670,11.64597,5.657e-08,
pred_sprinting_data_23-July-2026__17-04-39___HamPareto_Nom_w0800.mat,HamPareto,HamPareto_Nom_w0800,50,,Solve_Succeeded,True,7.4619,11.77739,6.726e-09,
pred_sprinting_data_23-July-2026__18-40-26___HamPareto_Nom_w0800.mat,HamPareto,HamPareto_Nom_w0800,50,,Solve_Succeeded,True,-3.1925,11.59805,7.886e-09,
pred_sprinting_data_23-July-2026__18-54-05___HamPareto_Nom_w1600.mat,HamPareto,HamPareto_Nom_w1600,50,,Solve_Succeeded,True,-3.2456,11.55525,2.948e-08,
pred_sprinting_data_23-July-2026__19-06-02___HamPareto_Nom_w3200.mat,HamPareto,HamPareto_Nom_w3200,50,,Solve_Succeeded,True,-3.2998,11.51436,3.189e-08,
pred_sprinting_data_23-July-2026__19-31-16___HamPareto_Sh_w0200.mat,HamPareto,HamPareto_Sh_w0200,50,,Solve_Succeeded,True,-7.5614,10.99763,2.632e-09,
pred_sprinting_data_23-July-2026__19-57-46___HamPareto_Sh_w0800.mat,HamPareto,HamPareto_Sh_w0800,50,,Solve_Succeeded,True,-9.8385,9.97687,2.056e-08,
pred_sprinting_data_23-July-2026__20-27-27___HamPareto_Sh_w3200.mat,HamPareto,HamPareto_Sh_w3200,50,,Solve_Succeeded,True,-9.9091,8.36838,7.982e-09,
pred_sprinting_data_23-July-2026__20-44-51___HamPareto_Wk_w0200.mat,HamPareto,HamPareto_Wk_w0200,50,,Solve_Succeeded,True,1.8473,11.54233,1.375e-08,
pred_sprinting_data_23-July-2026__21-03-14___HamPareto_Wk_w0800.mat,HamPareto,HamPareto_Wk_w0800,50,,Solve_Succeeded,True,-1.6631,11.44452,4.245e-08,
pred_sprinting_data_23-July-2026__21-19-39___HamPareto_Wk_w3200.mat,HamPareto,HamPareto_Wk_w3200,50,,Solve_Succeeded,True,-2.2230,11.36531,1.016e-08,
pred_sprinting_data_15-August-2026__19-53-23___HamPareto_Nom_w0000.mat,HamPareto,HamPareto_Nom_w0000,100,,Solve_Succeeded,True,7.9871,11.83460,1.436e-08,
pred_sprinting_data_15-August-2026__21-57-37___HamPareto_Nom_w0050.mat,HamPareto,HamPareto_Nom_w0050,100,,Solve_Succeeded,True,5.9995,11.81750,3.491e-09,
pred_sprinting_data_15-August-2026__23-30-42___HamPareto_Nom_w0100.mat,HamPareto,HamPareto_Nom_w0100,100,,Solve_Succeeded,True,4.3232,11.79510,1.963e-08,
pred_sprinting_data_16-August-2026__03-57-45___HamPareto_Nom_w0100.mat,HamPareto,HamPareto_Nom_w0100,100,,Solve_Succeeded,True,4.2995,11.79509,6.914e-09,
pred_sprinting_data_16-August-2026__07-39-58___HamPareto_Nom_w0100.mat,HamPareto,HamPareto_Nom_w0100,100,,Solve_Succeeded,True,4.4642,11.79286,5.895e-09,
pred_sprinting_data_16-August-2026__02-26-49___HamPareto_Nom_w0200.mat,HamPareto,HamPareto_Nom_w0200,100,,Solve_Succeeded,True,1.7083,11.74548,5.639e-08,
pred_sprinting_data_16-August-2026__05-49-46___HamPareto_Nom_w0200.mat,HamPareto,HamPareto_Nom_w0200,100,,Solve_Succeeded,True,1.6467,11.74307,5.404e-09,
pred_sprinting_data_16-August-2026__14-01-10___HamPasv_w0200.mat,HamPasv,HamPasv_w0200,50,,Solve_Succeeded,True,7.6848,11.77340,3.236e-10,
pred_sprinting_data_16-August-2026__14-27-20___HamPasv_w0800.mat,HamPasv,HamPasv_w0800,50,,Solve_Succeeded,True,7.6898,11.77334,1.579e-08,
pred_sprinting_data_28-October-2023__01-01-40___HTD_Minus_2.mat,Haralabidis_TD,HTD_Minus_2,50,,Solve_Succeeded,True,8.3081,11.64787,1.130e-08,
pred_sprinting_data_28-October-2023__10-08-04___HTD_Minus_4.mat,Haralabidis_TD,HTD_Minus_4,50,,Solve_Succeeded,True,8.9172,11.29674,1.247e-08,
pred_sprinting_data_28-October-2023__09-53-48___HTD_Minus_6.mat,Haralabidis_TD,HTD_Minus_6,50,,Solve_Succeeded,True,6.8341,10.98744,5.102e-09,
pred_sprinting_data_27-October-2023__18-13-56___HTD_Plus_2.mat,Haralabidis_TD,HTD_Plus_2,50,,Solve_Succeeded,True,6.7544,11.82715,1.928e-08,
pred_sprinting_data_26-October-2023__22-16-25___HTD_Plus_4.mat,Haralabidis_TD,HTD_Plus_4,50,,Solve_Succeeded,True,5.4618,11.81694,4.815e-08,
pred_sprinting_data_28-October-2023__10-02-52___HTD_Plus_6.mat,Haralabidis_TD,HTD_Plus_6,50,,Solve_Succeeded,True,2.3680,11.66373,6.715e-09,
pred_sprinting_data_27-October-2023__11-55-38___IKTD_Minus_2.mat,Haralabidis_TD,IKTD_Minus_2,50,,Solve_Succeeded,True,8.3639,11.83445,9.147e-09,
pred_sprinting_data_26-October-2023__23-37-47___IKTD_Minus_4.mat,Haralabidis_TD,IKTD_Minus_4,50,,Solve_Succeeded,True,8.0584,11.83000,1.760e-08,
pred_sprinting_data_28-October-2023__13-58-45___IKTD_Minus_6.mat,Haralabidis_TD,IKTD_Minus_6,50,,Solve_Succeeded,True,7.1050,11.81628,1.652e-09,
pred_sprinting_data_27-October-2023__11-17-52___IKTD_Plus_2.mat,Haralabidis_TD,IKTD_Plus_2,50,,Solve_Succeeded,True,7.5010,11.84975,1.390e-08,
pred_sprinting_data_28-October-2023__16-43-06___IKTD_Plus_4.mat,Haralabidis_TD,IKTD_Plus_4,50,,Solve_Succeeded,True,7.3218,11.84127,2.886e-09,
pred_sprinting_data_26-October-2023__20-13-02___IKTD_Plus_6.mat,Haralabidis_TD,IKTD_Plus_6,50,,Solve_Succeeded,True,7.1676,11.82793,2.477e-09,
pred_sprinting_data_23-July-2026__12-01-11___HamFascicle_m30.mat,Morphology_fascicle,HamFascicle_m30,50,-30.0,Solve_Succeeded,True,6.7418,11.87424,3.854e-08,
pred_sprinting_data_23-July-2026__12-25-05___HamFascicle_m20.mat,Morphology_fascicle,HamFascicle_m20,50,-20.0,Solve_Succeeded,True,3.9980,11.67895,5.851e-09,
pred_sprinting_data_23-July-2026__12-44-27___HamFascicle_m10.mat,Morphology_fascicle,HamFascicle_m10,50,-10.0,Solve_Succeeded,True,6.0395,11.76114,2.181e-09,
pred_sprinting_data_23-July-2026__11-39-49___HamFascicle_p00.mat,Morphology_fascicle,HamFascicle_p00,50,0.0,Solve_Succeeded,True,7.4622,11.77739,3.831e-08,
pred_sprinting_data_23-July-2026__12-58-19___HamFascicle_p10.mat,Morphology_fascicle,HamFascicle_p10,50,10.0,Solve_Succeeded,True,7.6975,11.74490,5.075e-09,
pred_sprinting_data_23-July-2026__13-19-36___HamFascicle_p20.mat,Morphology_fascicle,HamFascicle_p20,50,20.0,Solve_Succeeded,True,7.6816,11.68863,1.542e-08,
pred_sprinting_data_23-July-2026__13-39-20___HamStrength_m30.mat,Morphology_strength,HamStrength_m30,50,-30.0,Solve_Succeeded,True,7.4560,11.49673,3.582e-08,
pred_sprinting_data_23-July-2026__13-57-30___HamStrength_m20.mat,Morphology_strength,HamStrength_m20,50,-20.0,Solve_Succeeded,True,7.5292,11.60644,3.513e-09,
pred_sprinting_data_23-July-2026__14-27-40___HamStrength_m10.mat,Morphology_strength,HamStrength_m10,50,-10.0,Solve_Succeeded,True,7.4979,11.69758,3.558e-10,
pred_sprinting_data_23-July-2026__14-46-45___HamStrength_p10.mat,Morphology_strength,HamStrength_p10,50,10.0,Solve_Succeeded,True,7.2601,11.84699,5.338e-09,
pred_sprinting_data_23-July-2026__15-02-22___HamStrength_p20.mat,Morphology_strength,HamStrength_p20,50,20.0,Solve_Succeeded,True,6.9975,11.90691,6.075e-09,
pred_sprinting_data_26-October-2023__10-52-28___Nominal.mat,Nominal,nominal,50,0.0,Solve_Succeeded,True,7.9043,11.85060,4.334e-08,
pred_sprinting_data_03-February-2026__18-04-46___Nominal.mat,Nominal,nominal,50,0.0,Solve_Succeeded,True,7.4626,11.77738,2.799e-08,
pred_sprinting_data_04-February-2026__12-27-31___Nominal.mat,Nominal,nominal,50,0.0,Solve_Succeeded,True,7.4626,11.77738,2.799e-08,
pred_sprinting_data_10-April-2026__16-29-40___Nominal.mat,Nominal,nominal,100,0.0,Solve_Succeeded,True,7.9870,11.83456,1.848e-08,
pred_sprinting_data_06-June-2026__01-01-47___PelvisShift_m06.mat,PelvicShift,PelvisShift_m06,50,-6.0,Infeasible_Problem_Detected,False,12.9626,10.62035,5.200e-02,
pred_sprinting_data_06-June-2026__00-28-35___PelvisShift_m04.mat,PelvicShift,PelvisShift_m04,50,-4.0,Infeasible_Problem_Detected,False,10.9626,10.51982,1.764e-02,
pred_sprinting_data_05-June-2026__22-51-57___PelvisShift_m02.mat,PelvicShift,PelvisShift_m02,50,-2.0,Solved_To_Acceptable_Level,False,9.1988,11.50410,3.005e-03,
pred_sprinting_data_15-August-2026__13-46-07___PelvisShift_m02_athSh.mat,PelvicShift,PelvisShift_m02_athSh,50,-2.0,Solved_To_Acceptable_Level,False,9.7766,11.62685,5.962e-08,
pred_sprinting_data_05-June-2026__16-27-09___PelvisShift_p00.mat,PelvicShift,PelvisShift_p00,50,0.0,Solved_To_Acceptable_Level,False,7.4631,11.77739,6.751e-05,
pred_sprinting_data_06-June-2026__01-45-17___PelvisShift_p02.mat,PelvicShift,PelvisShift_p02,50,2.0,Solve_Succeeded,True,5.9573,11.77502,3.272e-08,
pred_sprinting_data_06-June-2026__02-36-44___PelvisShift_p04.mat,PelvicShift,PelvisShift_p04,50,4.0,Solved_To_Acceptable_Level,False,3.9321,11.76291,2.278e-06,
pred_sprinting_data_06-June-2026__03-43-20___PelvisShift_p06.mat,PelvicShift,PelvisShift_p06,50,6.0,Maximum_Iterations_Exceeded,False,1.9456,11.74859,1.901e-06,
pred_sprinting_data_24-June-2026__11-31-04___PelvisTD_m6.mat,PelvicTD_standard,PelvisTD_m6,50,-6.0,Infeasible_Problem_Detected,False,9.9156,9.60863,6.191e-02,
pred_sprinting_data_24-June-2026__14-51-19___PelvisTD_m6.mat,PelvicTD_standard,PelvisTD_m6,50,-6.0,Infeasible_Problem_Detected,False,9.9156,9.60863,6.191e-02,
pred_sprinting_data_24-June-2026__13-12-57___PelvisTD_m4.mat,PelvicTD_standard,PelvisTD_m4,50,-4.0,Infeasible_Problem_Detected,False,9.9156,9.16137,2.700e-02,
pred_sprinting_data_24-June-2026__13-05-45___PelvisTD_m2.mat,PelvicTD_standard,PelvisTD_m2,50,-2.0,Solve_Succeeded,True,9.4626,11.71864,5.965e-09,
pred_sprinting_data_24-June-2026__12-41-28___PelvisTD_p0.mat,PelvicTD_standard,PelvisTD_p0,50,0.0,Solve_Succeeded,True,7.4626,11.77604,9.212e-09,
pred_sprinting_data_24-June-2026__13-38-15___PelvisTD_p2.mat,PelvicTD_standard,PelvisTD_p2,50,2.0,Solve_Succeeded,True,5.4626,11.77344,1.022e-08,
pred_sprinting_data_24-June-2026__14-06-26___PelvisTD_p4.mat,PelvicTD_standard,PelvisTD_p4,50,4.0,Solve_Succeeded,True,3.4626,11.76008,1.334e-08,
pred_sprinting_data_24-June-2026__11-58-51___PelvisTD_p6.mat,PelvicTD_standard,PelvisTD_p6,50,6.0,Solve_Succeeded,True,1.4626,11.74478,2.404e-08,
pred_sprinting_data_24-June-2026__15-49-30___PelvisTDwide_m8.mat,PelvicTD_wide,PelvisTDwide_m8,50,-8.0,Infeasible_Problem_Detected,False,9.9156,9.69185,9.681e-02,
pred_sprinting_data_24-June-2026__17-39-57___PelvisTDwide_m8.mat,PelvicTD_wide,PelvisTDwide_m8,50,-8.0,Solve_Succeeded,True,15.4626,11.71561,1.316e-08,
pred_sprinting_data_24-June-2026__15-45-48___PelvisTDwide_m6.mat,PelvicTD_wide,PelvisTDwide_m6,50,-6.0,Infeasible_Problem_Detected,False,9.9156,9.65575,6.191e-02,
pred_sprinting_data_24-June-2026__16-57-06___PelvisTDwide_m6.mat,PelvicTD_wide,PelvisTDwide_m6,50,-6.0,Solve_Succeeded,True,13.4626,11.74201,2.362e-08,
pred_sprinting_data_24-June-2026__15-41-24___PelvisTDwide_m4.mat,PelvicTD_wide,PelvisTDwide_m4,50,-4.0,Infeasible_Problem_Detected,False,9.9156,9.78558,2.700e-02,
pred_sprinting_data_24-June-2026__16-35-10___PelvisTDwide_m4.mat,PelvicTD_wide,PelvisTDwide_m4,50,-4.0,Solve_Succeeded,True,11.4626,11.76099,1.876e-08,
pred_sprinting_data_24-June-2026__18-09-31___PelvisTDwide_m2.mat,PelvicTD_wide,PelvisTDwide_m2,50,-2.0,Solve_Succeeded,True,9.4626,11.77335,4.359e-08,
pred_sprinting_data_24-June-2026__18-32-28___PelvisTDwide_p0.mat,PelvicTD_wide,PelvisTDwide_p0,50,0.0,Solve_Succeeded,True,7.4626,11.77600,1.888e-08,
pred_sprinting_data_24-June-2026__21-57-50___PelvisTDwide_m8.mat,PelvicTD_wide,PelvisTDwide_m8,100,-8.0,Maximum_CpuTime_Exceeded,False,15.9870,11.74666,4.092e-05,
pred_sprinting_data_24-June-2026__23-17-49___PelvisTDwide_m8.mat,PelvicTD_wide,PelvisTDwide_m8,100,-8.0,Solve_Succeeded,True,15.9870,11.74666,7.871e-09,primary
pred_sprinting_data_25-June-2026__00-01-41___PelvisTDwide_m6.mat,PelvicTD_wide,PelvisTDwide_m6,100,-6.0,Solve_Succeeded,True,13.9870,11.76596,1.362e-08,primary
pred_sprinting_data_25-June-2026__01-05-16___PelvisTDwide_m4.mat,PelvicTD_wide,PelvisTDwide_m4,100,-4.0,Solve_Succeeded,True,11.9870,11.79676,5.499e-08,primary
pred_sprinting_data_25-June-2026__02-31-10___PelvisTDwide_m2.mat,PelvicTD_wide,PelvisTDwide_m2,100,-2.0,Solve_Succeeded,True,9.9870,11.79784,9.184e-08,primary
pred_sprinting_data_25-June-2026__03-15-59___PelvisTDwide_p0.mat,PelvicTD_wide,PelvisTDwide_p0,100,0.0,Solve_Succeeded,True,7.9870,11.79239,1.299e-07,primary
pred_sprinting_data_25-June-2026__04-33-19___PelvisTDwide_p2.mat,PelvicTD_wide,PelvisTDwide_p2,100,2.0,Solve_Succeeded,True,5.9870,11.78729,5.738e-08,primary
pred_sprinting_data_25-June-2026__05-43-11___PelvisTDwide_p4.mat,PelvicTD_wide,PelvisTDwide_p4,100,4.0,Solve_Succeeded,True,3.9870,11.76106,2.280e-08,primary
pred_sprinting_data_25-June-2026__07-24-05___PelvisTDwide_p6.mat,PelvicTD_wide,PelvisTDwide_p6,100,6.0,Solve_Succeeded,True,1.9870,11.78850,6.543e-09,primary
pred_sprinting_data_05-June-2026__11-00-52___PelvisTilt_m10.mat,PelvicTilt,PelvisTilt_m10,50,-10.0,Solve_Succeeded,True,8.6564,11.77519,9.569e-08,
pred_sprinting_data_05-June-2026__14-50-15___PelvisTilt_m07.mat,PelvicTilt,PelvisTilt_m07,50,-7.0,Solved_To_Acceptable_Level,False,7.5870,11.77545,2.887e-05,
