source_file,abspath,sha256,size_bytes,mtime,experiment,condition,requested_offset_deg,mesh_N,muscle_cols,q_cols,return_status,strict,success,iter_count,final_inf_pr,final_inf_du,final_obj,td_tilt_deg_signed,anterior_tilt_deg,achieved_offset_vs_nomN_deg,mean_tilt_deg,speed_mps,speed_error_pct_vs_nomN,totalTime_s,t0_s,tE_s,warm_start_source,error
pred_sprinting_data_16-August-2026__08-45-23___HamCompEQ_w0100.mat,C:\Users\T11648sTb\Documents\VSCODE\Pred_Sim_Sprinting\Pred_Sim_Sprinting\Results\pred_sprinting_data_16-August-2026__08-45-23___HamCompEQ_w0100.mat,e76821bc64d11ed4d839a8d989ffe8cc1d4c2f673c5d803039f496cf02c143b9,4615053,2026-08-16T08:45:23,HamCompEQ,HamCompEQ_w0100,nan,50,151,200,Solve_Succeeded,True,True,700,6.0872920100673545e-09,3.1444789739004286e-06,-116.31363663206302,-3.561,3.561,4.3433,-3.195,11.737918,-0.9509,0.210429,0.056,0.26643,see_logs,
pred_sprinting_data_16-August-2026__10-00-48___HamCompEQ_w0500.mat,C:\Users\T11648sTb\Documents\VSCODE\Pred_Sim_Sprinting\Pred_Sim_Sprinting\Results\pred_sprinting_data_16-August-2026__10-00-48___HamCompEQ_w0500.mat,debb86aaf28c6a14ea5b5faa4b3a78161d52e85bfbb1e0c0eee11e43737bddd5,4664451,2026-08-16T10:00:48,HamCompEQ,HamCompEQ_w0500,nan,50,151,200,Solve_Succeeded,True,True,1655,1.7934468049540797e-08,8.28561705184368e-06,-114.4652996696741,3.3271,-3.3271,11.2314,3.9727,11.558074,-2.4685,0.213703,0.056,0.2697,see_logs,
pred_sprinting_data_16-August-2026__10-50-11___HamCompEQ_w2000.mat,C:\Users\T11648sTb\Documents\VSCODE\Pred_Sim_Sprinting\Pred_Sim_Sprinting\Results\pred_sprinting_data_16-August-2026__10-50-11___HamCompEQ_w2000.mat,3548707bf1f02bd74ad641e3a0e67604fa6b6f7585571eb08264831d5570c9c4,4645799,2026-08-16T10:50:12,HamCompEQ,HamCompEQ_w2000,nan,50,151,200,Solve_Succeeded,True,True,1167,2.9440040461015116e-08,9.935351011521484e-06,-113.04973740662568,4.0956,-4.0956,11.9999,4.4283,11.448087,-3.3966,0.215757,0.056,0.27176,see_logs,
pred_sprinting_data_15-August-2026__20-35-47___HamEcc_w0000.mat,C:\Users\T11648sTb\Documents\VSCODE\Pred_Sim_Sprinting\Pred_Sim_Sprinting\Results\pred_sprinting_data_15-August-2026__20-35-47___HamEcc_w0000.mat,42162380e0ea03dc0357fdec8b151a8005f7b8f0a7d18e526d2e45101ce8a24e,4620528,2026-08-15T20:35:47,HamEcc,HamEcc_w0000,nan,50,151,200,Solve_Succeeded,True,True,743,1.1721045942499576e-08,1.8667476516480277e-06,-117.62958602236814,-7.6859,7.6859,0.2184,-7.6394,11.773369,-0.6517,0.209796,0.056,0.2658,see_logs,
pred_sprinting_data_15-August-2026__21-05-50___HamEcc_w0100.mat,C:\Users\T11648sTb\Documents\VSCODE\Pred_Sim_Sprinting\Pred_Sim_Sprinting\Results\pred_sprinting_data_15-August-2026__21-05-50___HamEcc_w0100.mat,bab3fe14acb1f1453d6540dac1aaacc07efdd881479aec41c1e1d96eef8f61d3,4611585,2026-08-15T21:05:50,HamEcc,HamEcc_w0100,nan,50,151,200,Solve_Succeeded,True,True,646,1.1823423556243435e-08,7.886137568347363e-07,-117.21850766706198,-7.2858,7.2858,0.6185,-7.2485,11.770087,-0.6794,0.209854,0.056,0.26585,see_logs,
pred_sprinting_data_15-August-2026__21-52-25___HamEcc_w0500.mat,C:\Users\T11648sTb\Documents\VSCODE\Pred_Sim_Sprinting\Pred_Sim_Sprinting\Results\pred_sprinting_data_15-August-2026__21-52-25___HamEcc_w0500.mat,2256ce62269442302450fbd62aa0bfc64b547ca209ff45684f200636a1409bad,4620391,2026-08-15T21:52:25,HamEcc,HamEcc_w0500,nan,50,151,200,Solve_Succeeded,True,True,829,5.088670643338281e-09,2.115201715772621e-06,-116.36812192596527,-6.932,6.932,0.9723,-6.8094,11.704069,-1.2365,0.211038,0.056,0.26704,see_logs,
pred_sprinting_data_15-August-2026__23-50-54___HamEcc_w2000.mat,C:\Users\T11648sTb\Documents\VSCODE\Pred_Sim_Sprinting\Pred_Sim_Sprinting\Results\pred_sprinting_data_15-August-2026__23-50-54___HamEcc_w2000.mat,a4b27db00c5c58d6b6aa43b10fefdea8f3fe02e5f8957732a3ff90f3a668bbd7,4659271,2026-08-15T23:50:54,HamEcc,HamEcc_w2000,nan,50,151,200,Solve_Succeeded,True,True,1562,1.5938095371259564e-08,8.58913676885812e-06,-115.42073000207748,-6.1821,6.1821,1.7222,-5.3177,11.645283,-1.7326,0.212103,0.056,0.2681,see_logs,
pred_sprinting_data_16-August-2026__02-16-25___HamEcc_w8000.mat,C:\Users\T11648sTb\Documents\VSCODE\Pred_Sim_Sprinting\Pred_Sim_Sprinting\Results\pred_sprinting_data_16-August-2026__02-16-25___HamEcc_w8000.mat,3d48e140972fd9dc8a4b5a49688f7f0e8459e8d9aeff89f3c534213b1251953f,4651642,2026-08-16T02:16:25,HamEcc,HamEcc_w8000,nan,50,151,200,Solve_Succeeded,True,True,1692,1.239339611447506e-10,6.075904340887543e-06,-113.11275415278683,-7.4777,7.4777,0.4266,-5.7277,11.552581,-2.5148,0.213805,0.056,0.26981,see_logs,
pred_sprinting_data_23-July-2026__16-59-51___HamPareto_Nom_w0000.mat,C:\Users\T11648sTb\Documents\VSCODE\Pred_Sim_Sprinting\Pred_Sim_Sprinting\Results\pred_sprinting_data_23-July-2026__16-59-51___HamPareto_Nom_w0000.mat,ae626f3e381a425f1e8a7c538b799c3e78948cac84c8d84d376736383e6e93f2,4596473,2026-07-23T16:59:51,HamPareto,HamPareto_Nom_w0000,nan,50,151,200,Solve_Succeeded,True,True,46,3.831047908284702e-08,1.5842803683924058e-06,-117.66956919690033,-7.4622,7.4622,0.4421,-7.2641,11.777385,-0.6179,0.209724,0.056,0.26572,see_logs,
pred_sprinting_data_15-August-2026__19-53-23___HamPareto_Nom_w0000.mat,C:\Users\T11648sTb\Documents\VSCODE\Pred_Sim_Sprinting\Pred_Sim_Sprinting\Results\pred_sprinting_data_15-August-2026__19-53-23___HamPareto_Nom_w0000.mat,e99ad0277a1518aa9fa53f6dc476640ca4ec0bd8decd3abe299347b56fffd7f3,9143325,2026-08-15T19:53:23,HamPareto,HamPareto_Nom_w0000,nan,100,301,400,Solve_Succeeded,True,True,153,1.435857892109233e-08,6.169484592921184e-07,-118.24501585372938,-7.9871,7.9871,-0.0001,-7.465,11.834599,0.0003,0.20871,0.056,0.26471,see_logs,
pred_sprinting_data_23-July-2026__17-25-32___HamPareto_Nom_w0050.mat,C:\Users\T11648sTb\Documents\VSCODE\Pred_Sim_Sprinting\Pred_Sim_Sprinting\Results\pred_sprinting_data_23-July-2026__17-25-32___HamPareto_Nom_w0050.mat,e4e22e547901f622bf252a3f6de2f51d477542efb74636e39b7803fdf4093b79,4604123,2026-07-23T17:25:32,HamPareto,HamPareto_Nom_w0050,nan,50,151,200,Solve_Succeeded,True,True,328,4.974357907921286e-08,3.3725686548474862e-06,-117.08583848000254,-5.3513,5.3513,2.553,-4.9509,11.766704,-0.708,0.209914,0.056,0.26591,see_logs,
pred_sprinting_data_15-August-2026__21-57-37___HamPareto_Nom_w0050.mat,C:\Users\T11648sTb\Documents\VSCODE\Pred_Sim_Sprinting\Pred_Sim_Sprinting\Results\pred_sprinting_data_15-August-2026__21-57-37___HamPareto_Nom_w0050.mat,9599cb7ae652c21c385468cfc1f9dac91e8191e1fd0f88d7bca27c2e4c8b8190,9163064,2026-08-15T21:57:37,HamPareto,HamPareto_Nom_w0050,nan,100,301,400,Solve_Succeeded,True,True,682,3.4912151590417268e-09,4.4065744543386126e-07,-117.50046596802152,-5.9995,5.9995,1.9875,-5.4477,11.817501,-0.1441,0.209012,0.056,0.26501,see_logs,
pred_sprinting_data_23-July-2026__17-43-08___HamPareto_Nom_w0100.mat,C:\Users\T11648sTb\Documents\VSCODE\Pred_Sim_Sprinting\Pred_Sim_Sprinting\Results\pred_sprinting_data_23-July-2026__17-43-08___HamPareto_Nom_w0100.mat,70bfa2c2ce71ba591c901b914c3db175481575b9136de27292a8b94b10a5fe1d,4597910,2026-07-23T17:43:08,HamPareto,HamPareto_Nom_w0100,nan,50,151,200,Solve_Succeeded,True,True,351,3.6565791759563767e-09,1.335334209055552e-06,-116.67841568841403,-3.9703,3.9703,3.934,-3.4051,11.749049,-0.857,0.21023,0.056,0.26623,see_logs,
pred_sprinting_data_15-August-2026__23-30-42___HamPareto_Nom_w0100.mat,C:\Users\T11648sTb\Documents\VSCODE\Pred_Sim_Sprinting\Pred_Sim_Sprinting\Results\pred_sprinting_data_15-August-2026__23-30-42___HamPareto_Nom_w0100.mat,afdb9a0e8f49daa8100ca1e1c234dd3dae57e01222eee4d94315c53005150751,9163159,2026-08-15T23:30:42,HamPareto,HamPareto_Nom_w0100,nan,100,301,400,Solve_Succeeded,True,True,446,1.9627880308531586e-08,6.071680131494268e-07,-117.0318291924381,-4.3232,4.3232,3.6638,-3.6629,11.795101,-0.3334,0.209409,0.056,0.26541,see_logs,
pred_sprinting_data_16-August-2026__03-57-45___HamPareto_Nom_w0100.mat,C:\Users\T11648sTb\Documents\VSCODE\Pred_Sim_Sprinting\Pred_Sim_Sprinting\Results\pred_sprinting_data_16-August-2026__03-57-45___HamPareto_Nom_w0100.mat,f1abb14c428edb0a0682afb4738876ba2ba81d86c126f631c154bbea8afcb454,9168348,2026-08-16T03:57:45,HamPareto,HamPareto_Nom_w0100,nan,100,301,400,Solve_Succeeded,True,True,553,6.913676145470875e-09,5.391210526431231e-07,-117.03183247420543,-4.2995,4.2995,3.6875,-3.6478,11.79509,-0.3335,0.209409,0.056,0.26541,see_logs,
pred_sprinting_data_16-August-2026__07-39-58___HamPareto_Nom_w0100.mat,C:\Users\T11648sTb\Documents\VSCODE\Pred_Sim_Sprinting\Pred_Sim_Sprinting\Results\pred_sprinting_data_16-August-2026__07-39-58___HamPareto_Nom_w0100.mat,d98ac73fa1ff686a7778ee5dec2e46a5a155900a954c299eed3b82574c0e2080,9159848,2026-08-16T07:39:59,HamPareto,HamPareto_Nom_w0100,nan,100,301,400,Solve_Succeeded,True,True,532,5.8945474672840825e-09,2.9334711628527825e-07,-117.03813256366844,-4.4642,4.4642,3.5228,-3.8992,11.792856,-0.3524,0.209449,0.056,0.26545,see_logs,
pred_sprinting_data_23-July-2026__17-04-03___HamPareto_Nom_w0200.mat,C:\Users\T11648sTb\Documents\VSCODE\Pred_Sim_Sprinting\Pred_Sim_Sprinting\Results\pred_sprinting_data_23-July-2026__17-04-03___HamPareto_Nom_w0200.mat,5d3efb2b937732b4d28ad31fe468d8626bc5a2b95843344c901c8d4b1ec0b64b,4585915,2026-07-23T17:04:03,HamPareto,HamPareto_Nom_w0200,nan,50,151,200,Solve_Succeeded,True,True,10,3.454296368419927e-08,1.6479489203690774e-06,-117.66927708563178,-7.4619,7.4619,0.4424,-7.264,11.777386,-0.6179,0.209724,0.056,0.26572,see_logs,
pred_sprinting_data_23-July-2026__18-03-58___HamPareto_Nom_w0200.mat,C:\Users\T11648sTb\Documents\VSCODE\Pred_Sim_Sprinting\Pred_Sim_Sprinting\Results\pred_sprinting_data_23-July-2026__18-03-58___HamPareto_Nom_w0200.mat,66ce4a7d391e72c5436116611124a9521da4e69ccd7140d617debaed7fdd0918,4607323,2026-07-23T18:03:59,HamPareto,HamPareto_Nom_w0200,nan,50,151,200,Solve_Succeeded,True,True,377,9.128223698697092e-09,1.8073626418870057e-06,-116.15398266999311,-1.335,1.335,6.5693,-0.8244,11.705169,-1.2272,0.211018,0.056,0.26702,see_logs,
pred_sprinting_data_16-August-2026__02-26-49___HamPareto_Nom_w0200.mat,C:\Users\T11648sTb\Documents\VSCODE\Pred_Sim_Sprinting\Pred_Sim_Sprinting\Results\pred_sprinting_data_16-August-2026__02-26-49___HamPareto_Nom_w0200.mat,d8d44a01d78cb8f9c0186a1ac7857aed20e15287d39063b40b2bf98b46b06a22,9183525,2026-08-16T02:26:49,HamPareto,HamPareto_Nom_w0200,nan,100,301,400,Solve_Succeeded,True,True,915,5.6388695027892386e-08,8.595473318839987e-06,-116.43391515853787,-1.7083,1.7083,6.2787,-0.8799,11.745483,-0.7527,0.210294,0.056,0.26629,see_logs,
pred_sprinting_data_16-August-2026__05-49-46___HamPareto_Nom_w0200.mat,C:\Users\T11648sTb\Documents\VSCODE\Pred_Sim_Sprinting\Pred_Sim_Sprinting\Results\pred_sprinting_data_16-August-2026__05-49-46___HamPareto_Nom_w0200.mat,ed0735a300562dd5221fdd134e9ba54720d9559ecd4262251154718f28d5f9cb,9182882,2026-08-16T05:49:46,HamPareto,HamPareto_Nom_w0200,nan,100,301,400,Solve_Succeeded,True,True,702,5.4039765896028475e-09,5.338424897853638e-07,-116.43125779576566,-1.6467,1.6467,6.3403,-0.988,11.74307,-0.7731,0.210337,0.056,0.26634,see_logs,
pred_sprinting_data_23-July-2026__18-25-35___HamPareto_Nom_w0400.mat,C:\Users\T11648sTb\Documents\VSCODE\Pred_Sim_Sprinting\Pred_Sim_Sprinting\Results\pred_sprinting_data_23-July-2026__18-25-35___HamPareto_Nom_w0400.mat,f5da18c4896e739ebcfe616714c47f4677c241bc3a0a40228187a971ad84a6f3,4612463,2026-07-23T18:25:35,HamPareto,HamPareto_Nom_w0400,nan,50,151,200,Solve_Succeeded,True,True,416,5.657467888005594e-08,5.595226847401043e-06,-115.63673785349802,1.467,-1.467,9.3713,1.9019,11.645971,-1.7268,0.212091,0.056,0.26809,see_logs,
pred_sprinting_data_23-July-2026__17-04-39___HamPareto_Nom_w0800.mat,C:\Users\T11648sTb\Documents\VSCODE\Pred_Sim_Sprinting\Pred_Sim_Sprinting\Results\pred_sprinting_data_23-July-2026__17-04-39___HamPareto_Nom_w0800.mat,ef8af24479ffb51e5ac11e5075907476c35c1902f68f867f5356c7f77ee5f9b0,4585081,2026-07-23T17:04:40,HamPareto,HamPareto_Nom_w0800,nan,50,151,200,Solve_Succeeded,True,True,3,6.7264113310871875e-09,8.994927682828118e-07,-117.66837992634402,-7.4619,7.4619,0.4424,-7.264,11.777386,-0.6179,0.209724,0.056,0.26572,see_logs,
pred_sprinting_data_23-July-2026__18-40-26___HamPareto_Nom_w0800.mat,C:\Users\T11648sTb\Documents\VSCODE\Pred_Sim_Sprinting\Pred_Sim_Sprinting\Results\pred_sprinting_data_23-July-2026__18-40-26___HamPareto_Nom_w0800.mat,d5f2d6f758982d5f43b891476d8ce54fe807c23a0b4e7cb32f7a1550787cf495,4608187,2026-07-23T18:40:26,HamPareto,HamPareto_Nom_w0800,nan,50,151,200,Solve_Succeeded,True,True,298,7.886415909688347e-09,1.0642203809195728e-06,-115.24187465421761,3.1925,-3.1925,11.0968,3.4511,11.598047,-2.1312,0.212967,0.056,0.26897,see_logs,
pred_sprinting_data_23-July-2026__18-54-05___HamPareto_Nom_w1600.mat,C:\Users\T11648sTb\Documents\VSCODE\Pred_Sim_Sprinting\Pred_Sim_Sprinting\Results\pred_sprinting_data_23-July-2026__18-54-05___HamPareto_Nom_w1600.mat,32e89542be5fbf64158407d8aef9356ba5dfc76d295bd070da227514e380c2a2,4601986,2026-07-23T18:54:05,HamPareto,HamPareto_Nom_w1600,nan,50,151,200,Solve_Succeeded,True,True,258,2.9480972107975845e-08,1.2487596151931349e-06,-114.84818581165777,3.2456,-3.2456,11.1499,3.4054,11.555253,-2.4923,0.213756,0.056,0.26976,see_logs,
pred_sprinting_data_23-July-2026__19-06-02___HamPareto_Nom_w3200.mat,C:\Users\T11648sTb\Documents\VSCODE\Pred_Sim_Sprinting\Pred_Sim_Sprinting\Results\pred_sprinting_data_23-July-2026__19-06-02___HamPareto_Nom_w3200.mat,117bd88e46dd20b2fdd399682bee8405303ec335726d1450da0723295b776318,4603336,2026-07-23T19:06:02,HamPareto,HamPareto_Nom_w3200,nan,50,151,200,Solve_Succeeded,True,True,229,3.188591782695515e-08,1.0180693034666563e-06,-114.43770385147421,3.2998,-3.2998,11.2041,3.3484,11.514365,-2.8373,0.214515,0.056,0.27051,see_logs,
pred_sprinting_data_23-July-2026__19-31-16___HamPareto_Sh_w0200.mat,C:\Users\T11648sTb\Documents\VSCODE\Pred_Sim_Sprinting\Pred_Sim_Sprinting\Results\pred_sprinting_data_23-July-2026__19-31-16___HamPareto_Sh_w0200.mat,aa65ed2ef8df106690b77ca3650d0f19187e703283f46f704a428e0d3a0bd819,4607631,2026-07-23T19:31:16,HamPareto,HamPareto_Sh_w0200,nan,50,151,200,Solve_Succeeded,True,True,456,2.63217822920121e-09,2.6837223908293384e-06,-100.18834431752109,7.5614,-7.5614,15.4657,7.414,10.997628,-7.1978,0.222215,0.056,0.27821,see_logs,
pred_sprinting_data_23-July-2026__19-57-46___HamPareto_Sh_w0800.mat,C:\Users\T11648sTb\Documents\VSCODE\Pred_Sim_Sprinting\Pred_Sim_Sprinting\Results\pred_sprinting_data_23-July-2026__19-57-46___HamPareto_Sh_w0800.mat,cd7567aa213d90cff5c98ffb8c963442bd9756eae1742068e76949ba9a6adf2f,4621136,2026-07-23T19:57:46,HamPareto,HamPareto_Sh_w0800,nan,50,151,200,Solve_Succeeded,True,True,538,2.0560327889236074e-08,1.0988281519127743e-06,-84.47421733813385,9.8385,-9.8385,17.7428,8.9951,9.976873,-15.8113,0.22127,0.056,0.27727,see_logs,
pred_sprinting_data_23-July-2026__20-27-27___HamPareto_Sh_w3200.mat,C:\Users\T11648sTb\Documents\VSCODE\Pred_Sim_Sprinting\Pred_Sim_Sprinting\Results\pred_sprinting_data_23-July-2026__20-27-27___HamPareto_Sh_w3200.mat,837b419659d9a7133fbdb0d1e29f543612d64063bdc297265d9506bc6ffdac64,4607829,2026-07-23T20:27:27,HamPareto,HamPareto_Sh_w3200,nan,50,151,200,Solve_Succeeded,True,True,643,7.98214204465927e-09,8.123409897528764e-06,-56.6632966861578,9.9091,-9.9091,17.8134,9.6097,8.368375,-29.3844,0.197627,0.056,0.25363,see_logs,
pred_sprinting_data_23-July-2026__20-44-51___HamPareto_Wk_w0200.mat,C:\Users\T11648sTb\Documents\VSCODE\Pred_Sim_Sprinting\Pred_Sim_Sprinting\Results\pred_sprinting_data_23-July-2026__20-44-51___HamPareto_Wk_w0200.mat,370a350f6a3efbcd4f3483a2a04e477e96f4c83cf3fe4a300f451f278ebc5521,4603027,2026-07-23T20:44:51,HamPareto,HamPareto_Wk_w0200,nan,50,151,200,Solve_Succeeded,True,True,360,1.3746184946746326e-08,6.730765892096969e-07,-114.63822215327436,-1.8473,1.8473,6.057,-0.4036,11.542327,-2.6014,0.213995,0.056,0.26999,see_logs,
pred_sprinting_data_23-July-2026__21-03-14___HamPareto_Wk_w0800.mat,C:\Users\T11648sTb\Documents\VSCODE\Pred_Sim_Sprinting\Pred_Sim_Sprinting\Results\pred_sprinting_data_23-July-2026__21-03-14___HamPareto_Wk_w0800.mat,b742aa0d3125918e33fbf8e5ed0184ce95499accdd7a011530842be6c0eedea2,4613068,2026-07-23T21:03:14,HamPareto,HamPareto_Wk_w0800,nan,50,151,200,Solve_Succeeded,True,True,378,4.2454939605529596e-08,9.204077900052695e-07,-113.78160840119357,1.6631,-1.6631,9.5674,2.6869,11.444523,-3.4267,0.215824,0.056,0.27182,see_logs,
pred_sprinting_data_23-July-2026__21-19-39___HamPareto_Wk_w3200.mat,C:\Users\T11648sTb\Documents\VSCODE\Pred_Sim_Sprinting\Pred_Sim_Sprinting\Results\pred_sprinting_data_23-July-2026__21-19-39___HamPareto_Wk_w3200.mat,7f0be8df529bf6c3960d2f401e38d35ef5ed1be9d4eced9b1509454df0e2beb7,4607340,2026-07-23T21:19:39,HamPareto,HamPareto_Wk_w3200,nan,50,151,200,Solve_Succeeded,True,True,334,1.0161955568568198e-08,1.7811580040232628e-06,-112.93166243462831,2.223,-2.223,10.1273,2.668,11.365314,-4.0951,0.217328,0.056,0.27333,see_logs,
pred_sprinting_data_16-August-2026__14-01-10___HamPasv_w0200.mat,C:\Users\T11648sTb\Documents\VSCODE\Pred_Sim_Sprinting\Pred_Sim_Sprinting\Results\pred_sprinting_data_16-August-2026__14-01-10___HamPasv_w0200.mat,2febd340de571f70779b874c3f1e8463159f47b3c427dcbf1c9aa41ed423c36b,4791803,2026-08-16T14:01:10,HamPasv,HamPasv_w0200,nan,50,151,200,Solve_Succeeded,True,True,4884,3.235780895351369e-10,1.0946648688327525e-06,-117.6296025231479,-7.6848,7.6848,0.2195,-7.6296,11.773395,-0.6515,0.209795,0.056,0.2658,see_logs,
pred_sprinting_data_16-August-2026__14-27-20___HamPasv_w0800.mat,C:\Users\T11648sTb\Documents\VSCODE\Pred_Sim_Sprinting\Pred_Sim_Sprinting\Results\pred_sprinting_data_16-August-2026__14-27-20___HamPasv_w0800.mat,0aa37a2449b345fb80dab9b590b3224654c21dfab7198a75bd998327835ff182,4617759,2026-08-16T14:27:20,HamPasv,HamPasv_w0800,nan,50,151,200,Solve_Succeeded,True,True,606,1.5787250865141355e-08,2.7599263504047777e-06,-117.62914676058595,-7.6898,7.6898,0.2145,-7.642,11.773336,-0.652,0.209796,0.056,0.2658,see_logs,
pred_sprinting_data_28-October-2023__01-01-40___HTD_Minus_2.mat,C:\Users\T11648sTb\Documents\VSCODE\Pred_Sim_Sprinting\Pred_Sim_Sprinting\Results\pred_sprinting_data_28-October-2023__01-01-40___HTD_Minus_2.mat,b10dad9919a1577d09a266f8be661eb15549159d215b373d612507b7b3e62a0c,4899078,2026-01-16T16:21:07,Haralabidis_TD,HTD_Minus_2,nan,50,151,200,Solve_Succeeded,True,True,8132,1.1299376517781567e-08,3.806336016502197e-07,-116.37715605470987,-8.3081,8.3081,-0.4038,-7.9438,11.647872,-1.7107,0.203089,0.056,0.25909,see_logs,
pred_sprinting_data_28-October-2023__10-08-04___HTD_Minus_4.mat,C:\Users\T11648sTb\Documents\VSCODE\Pred_Sim_Sprinting\Pred_Sim_Sprinting\Results\pred_sprinting_data_28-October-2023__10-08-04___HTD_Minus_4.mat,0d0866c0b03fac0d586442747364eec4f7aadec611bdec7e57c615934d21a998,4622015,2026-01-16T16:21:07,Haralabidis_TD,HTD_Minus_4,nan,50,151,200,Solve_Succeeded,True,True,717,1.2474097810244444e-08,6.157608972142489e-07,-112.87078016925037,-8.9172,8.9172,-1.0129,-8.3431,11.296743,-4.6737,0.194208,0.056,0.25021,see_logs,
pred_sprinting_data_28-October-2023__09-53-48___HTD_Minus_6.mat,C:\Users\T11648sTb\Documents\VSCODE\Pred_Sim_Sprinting\Pred_Sim_Sprinting\Results\pred_sprinting_data_28-October-2023__09-53-48___HTD_Minus_6.mat,777edbc873c523e2d49e6c69ffaefc2c8a8c8c40e5749bca73836772eb23ee6e,4613783,2026-01-16T16:21:07,Haralabidis_TD,HTD_Minus_6,nan,50,151,200,Solve_Succeeded,True,True,404,5.101828737252845e-09,2.810113291053756e-06,-109.77388661370831,-6.8341,6.8341,1.0702,-5.3489,10.987443,-7.2837,0.19668,0.056,0.25268,see_logs,
pred_sprinting_data_27-October-2023__18-13-56___HTD_Plus_2.mat,C:\Users\T11648sTb\Documents\VSCODE\Pred_Sim_Sprinting\Pred_Sim_Sprinting\Results\pred_sprinting_data_27-October-2023__18-13-56___HTD_Plus_2.mat,68fafe598a13da01f2c86dc16540bc0f50e3f549040ea91b75d4af05ae3b4fae,4673231,2026-01-16T16:21:07,Haralabidis_TD,HTD_Plus_2,nan,50,151,200,Solve_Succeeded,True,True,1738,1.928414795302441e-08,3.191776777739831e-06,-118.16551191732015,-6.7544,6.7544,1.1499,-7.561,11.827146,-0.198,0.208842,0.056,0.26484,see_logs,
pred_sprinting_data_26-October-2023__22-16-25___HTD_Plus_4.mat,C:\Users\T11648sTb\Documents\VSCODE\Pred_Sim_Sprinting\Pred_Sim_Sprinting\Results\pred_sprinting_data_26-October-2023__22-16-25___HTD_Plus_4.mat,61ed83a82f9d9f8a5914deabc45154b97f55281ac1aa41d9d4de1e49bfd52bfa,4613668,2026-01-16T16:21:06,Haralabidis_TD,HTD_Plus_4,nan,50,151,200,Solve_Succeeded,True,True,511,4.8147465384017395e-08,1.863010688248491e-06,-118.07030886762493,-5.4618,5.4618,2.4425,-7.2502,11.81694,-0.2841,0.209022,0.056,0.26502,see_logs,
pred_sprinting_data_28-October-2023__10-02-52___HTD_Plus_6.mat,C:\Users\T11648sTb\Documents\VSCODE\Pred_Sim_Sprinting\Pred_Sim_Sprinting\Results\pred_sprinting_data_28-October-2023__10-02-52___HTD_Plus_6.mat,8661495f4aba3072fb928406c70b39773ac6bd86dadd16b71336b4c311488629,4614245,2026-01-16T16:21:07,Haralabidis_TD,HTD_Plus_6,nan,50,151,200,Solve_Succeeded,True,True,455,6.715412667915151e-09,2.2699301643910063e-06,-116.52856661401891,-2.368,2.368,5.5363,-7.0921,11.66373,-1.5769,0.211257,0.056,0.26726,see_logs,
pred_sprinting_data_27-October-2023__11-55-38___IKTD_Minus_2.mat,C:\Users\T11648sTb\Documents\VSCODE\Pred_Sim_Sprinting\Pred_Sim_Sprinting\Results\pred_sprinting_data_27-October-2023__11-55-38___IKTD_Minus_2.mat,48fbf1286bb8a5566d6e29c49121cef2ea15bfa226f0ffc106a0be5ae1bf55de,4623910,2026-01-16T16:21:07,Haralabidis_TD,IKTD_Minus_2,nan,50,151,200,Solve_Succeeded,True,True,680,9.147465146464029e-09,2.2993280589163093e-06,-118.24325293031241,-8.3639,8.3639,-0.4596,-7.8259,11.834453,-0.1363,0.208713,0.056,0.26471,see_logs,
pred_sprinting_data_26-October-2023__23-37-47___IKTD_Minus_4.mat,C:\Users\T11648sTb\Documents\VSCODE\Pred_Sim_Sprinting\Pred_Sim_Sprinting\Results\pred_sprinting_data_26-October-2023__23-37-47___IKTD_Minus_4.mat,63356dee5e9f95a7dc7f7cdb79e3c9ae01a690b19c6666f710f2e970bbdbe362,4629181,2026-01-16T16:21:07,Haralabidis_TD,IKTD_Minus_4,nan,50,151,200,Solve_Succeeded,True,True,827,1.7601769569663972e-08,1.9951436885654024e-06,-118.19954497518881,-8.0584,8.0584,-0.1541,-7.4322,11.83,-0.1739,0.208791,0.056,0.26479,see_logs,
pred_sprinting_data_28-October-2023__13-58-45___IKTD_Minus_6.mat,C:\Users\T11648sTb\Documents\VSCODE\Pred_Sim_Sprinting\Pred_Sim_Sprinting\Results\pred_sprinting_data_28-October-2023__13-58-45___IKTD_Minus_6.mat,dd9e57a930e13f9e5815f1699bcfac41bbeeb293d7ce29e94878e7d1027005be,4630258,2026-01-16T16:21:07,Haralabidis_TD,IKTD_Minus_6,nan,50,151,200,Solve_Succeeded,True,True,898,1.6520491918776448e-09,2.406975049771003e-06,-118.0624699927542,-7.105,7.105,0.7993,-6.4763,11.816282,-0.2896,0.209034,0.056,0.26503,see_logs,
pred_sprinting_data_27-October-2023__11-17-52___IKTD_Plus_2.mat,C:\Users\T11648sTb\Documents\VSCODE\Pred_Sim_Sprinting\Pred_Sim_Sprinting\Results\pred_sprinting_data_27-October-2023__11-17-52___IKTD_Plus_2.mat,2a9f4a6a0b302094d75d39deb02933642aedbf43cc1f22cc233bfec754c68160,4618389,2026-01-16T16:21:07,Haralabidis_TD,IKTD_Plus_2,nan,50,151,200,Solve_Succeeded,True,True,542,1.389961933563274e-08,1.3649444400343596e-06,-118.39663746752115,-7.501,7.501,0.4033,-7.4805,11.849747,-0.0072,0.208443,0.056,0.26444,see_logs,
pred_sprinting_data_28-October-2023__16-43-06___IKTD_Plus_4.mat,C:\Users\T11648sTb\Documents\VSCODE\Pred_Sim_Sprinting\Pred_Sim_Sprinting\Results\pred_sprinting_data_28-October-2023__16-43-06___IKTD_Plus_4.mat,01c1e73857b4f556bb77c39c10a44d33cafafe6e97a956f7c1ab820bb81107c1,4616015,2026-01-16T16:21:07,Haralabidis_TD,IKTD_Plus_4,nan,50,151,200,Solve_Succeeded,True,True,587,2.8858905265494172e-09,1.5014906438099536e-06,-118.31100163449001,-7.3218,7.3218,0.5825,-7.4351,11.841271,-0.0788,0.208592,0.056,0.26459,see_logs,
pred_sprinting_data_26-October-2023__20-13-02___IKTD_Plus_6.mat,C:\Users\T11648sTb\Documents\VSCODE\Pred_Sim_Sprinting\Pred_Sim_Sprinting\Results\pred_sprinting_data_26-October-2023__20-13-02___IKTD_Plus_6.mat,e4c5eb415c5752749e500a3d115f49a6a890757f793486a78118a045fb52bf3c,4617117,2026-01-16T16:21:06,Haralabidis_TD,IKTD_Plus_6,nan,50,151,200,Solve_Succeeded,True,True,636,2.476926358463416e-09,2.735714840419195e-06,-118.1786117991921,-7.1676,7.1676,0.7367,-7.148,11.827933,-0.1913,0.208828,0.056,0.26483,see_logs,
pred_sprinting_data_23-July-2026__12-44-27___HamFascicle_m10.mat,C:\Users\T11648sTb\Documents\VSCODE\Pred_Sim_Sprinting\Pred_Sim_Sprinting\Results\pred_sprinting_data_23-July-2026__12-44-27___HamFascicle_m10.mat,6a644a58d4a78e7941cb3319cd5fe1006dde1b2229b546a337ec153bed1c8d6e,4598547,2026-07-23T12:44:27,Morphology_fascicle,HamFascicle_m10,-10.0,50,151,200,Solve_Succeeded,True,True,419,2.1810350331800133e-09,8.089508038689966e-07,-117.50740578423773,-6.0395,6.0395,1.8648,-5.4501,11.761143,-0.7549,0.210014,0.056,0.26601,see_logs,
pred_sprinting_data_23-July-2026__12-25-05___HamFascicle_m20.mat,C:\Users\T11648sTb\Documents\VSCODE\Pred_Sim_Sprinting\Pred_Sim_Sprinting\Results\pred_sprinting_data_23-July-2026__12-25-05___HamFascicle_m20.mat,c3edc1076a8cf264cd2dbdf1bc77b270cc0b9f9b379e898c06c518e27823f7df,4612781,2026-07-23T12:25:05,Morphology_fascicle,HamFascicle_m20,-20.0,50,151,200,Solve_Succeeded,True,True,527,5.850763903276834e-09,1.0348789722462418e-06,-116.6842327435363,-3.998,3.998,3.9063,-2.7578,11.678947,-1.4485,0.211492,0.056,0.26749,see_logs,
pred_sprinting_data_23-July-2026__12-01-11___HamFascicle_m30.mat,C:\Users\T11648sTb\Documents\VSCODE\Pred_Sim_Sprinting\Pred_Sim_Sprinting\Results\pred_sprinting_data_23-July-2026__12-01-11___HamFascicle_m30.mat,31714a33614a47d64fdf2ed5ddea79ea003df967e55cf4802fe803bc7c4767c4,4616816,2026-07-23T12:01:11,Morphology_fascicle,HamFascicle_m30,-30.0,50,151,200,Solve_Succeeded,True,True,445,3.8535128847533625e-08,1.2210314426722477e-06,-118.64390200023945,-6.7418,6.7418,1.1625,-7.6616,11.874244,0.1995,0.208013,0.056,0.26401,see_logs,
pred_sprinting_data_23-July-2026__11-39-49___HamFascicle_p00.mat,C:\Users\T11648sTb\Documents\VSCODE\Pred_Sim_Sprinting\Pred_Sim_Sprinting\Results\pred_sprinting_data_23-July-2026__11-39-49___HamFascicle_p00.mat,238ec77dc22cd53b0468c0db8e0420dfcce4afbd14a71878261181f840181494,4596458,2026-07-23T11:39:49,Morphology_fascicle,HamFascicle_p00,0.0,50,151,200,Solve_Succeeded,True,True,46,3.831047908284702e-08,1.5842803683924058e-06,-117.66956919690033,-7.4622,7.4622,0.4421,-7.2641,11.777385,-0.6179,0.209724,0.056,0.26572,see_logs,
pred_sprinting_data_23-July-2026__12-58-19___HamFascicle_p10.mat,C:\Users\T11648sTb\Documents\VSCODE\Pred_Sim_Sprinting\Pred_Sim_Sprinting\Results\pred_sprinting_data_23-July-2026__12-58-19___HamFascicle_p10.mat,f20dc67ea4e1efcd6e9a35e9fbcd0faeaa5f9f09a3476ce8c4224f4101375597,4599709,2026-07-23T12:58:19,Morphology_fascicle,HamFascicle_p10,10.0,50,151,200,Solve_Succeeded,True,True,299,5.07538710940337e-09,4.0288011940399174e-06,-117.34483337759255,-7.6975,7.6975,0.2068,-7.5726,11.744898,-0.892,0.210304,0.056,0.2663,see_logs,
pred_sprinting_data_23-July-2026__13-19-36___HamFascicle_p20.mat,C:\Users\T11648sTb\Documents\VSCODE\Pred_Sim_Sprinting\Pred_Sim_Sprinting\Results\pred_sprinting_data_23-July-2026__13-19-36___HamFascicle_p20.mat,d942b260448cbae806562b5c4b698a26de18d2456ec93d87329e4ea4231a71fa,4611848,2026-07-23T13:19:36,Morphology_fascicle,HamFascicle_p20,20.0,50,151,200,Solve_Succeeded,True,True,463,1.542098360966835e-08,2.011038895840322e-06,-116.78219976244446,-7.6816,7.6816,0.2227,-7.4108,11.688625,-1.3669,0.211317,0.056,0.26732,see_logs,
pred_sprinting_data_23-July-2026__14-27-40___HamStrength_m10.mat,C:\Users\T11648sTb\Documents\VSCODE\Pred_Sim_Sprinting\Pred_Sim_Sprinting\Results\pred_sprinting_data_23-July-2026__14-27-40___HamStrength_m10.mat,7a22ffdb218e3a095ebe2d6635139654fbb7c45f7897a2ae6d167b843f4d82b3,4611522,2026-07-23T14:27:40,Morphology_strength,HamStrength_m10,-10.0,50,151,200,Solve_Succeeded,True,True,670,3.557579782508025e-10,6.71551794227951e-07,-116.87156090960791,-7.4979,7.4979,0.4064,-6.9829,11.697581,-1.2913,0.211155,0.056,0.26715,see_logs,
pred_sprinting_data_23-July-2026__13-57-30___HamStrength_m20.mat,C:\Users\T11648sTb\Documents\VSCODE\Pred_Sim_Sprinting\Pred_Sim_Sprinting\Results\pred_sprinting_data_23-July-2026__13-57-30___HamStrength_m20.mat,5e804dc6d911bd5efe23e7cbbf7f067dfeea4d98f3f0be78c61f390b0e3adf86,4603417,2026-07-23T13:57:30,Morphology_strength,HamStrength_m20,-20.0,50,151,200,Solve_Succeeded,True,True,409,3.5128540783929116e-09,1.2527115467425335e-06,-115.96074437230634,-7.5292,7.5292,0.3751,-6.4962,11.606441,-2.0604,0.212813,0.056,0.26881,see_logs,
pred_sprinting_data_23-July-2026__13-39-20___HamStrength_m30.mat,C:\Users\T11648sTb\Documents\VSCODE\Pred_Sim_Sprinting\Pred_Sim_Sprinting\Results\pred_sprinting_data_23-July-2026__13-39-20___HamStrength_m30.mat,eaeecb47c536c659a4e842cfd7db0d08847b2a9c7a24b13ceb5668c7b7e3faa0,4606890,2026-07-23T13:39:20,Morphology_strength,HamStrength_m30,-30.0,50,151,200,Solve_Succeeded,True,True,330,3.58231444156942e-08,3.201709232343559e-06,-114.86310908729567,-7.456,7.456,0.4483,-5.6921,11.496735,-2.9861,0.214844,0.056,0.27084,see_logs,
pred_sprinting_data_23-July-2026__14-46-45___HamStrength_p10.mat,C:\Users\T11648sTb\Documents\VSCODE\Pred_Sim_Sprinting\Pred_Sim_Sprinting\Results\pred_sprinting_data_23-July-2026__14-46-45___HamStrength_p10.mat,7555cb728df227e8fc8843b8fc54ecad3b36b68eaed52a32a6bfc6409d32d702,4607369,2026-07-23T14:46:45,Morphology_strength,HamStrength_p10,10.0,50,151,200,Solve_Succeeded,True,True,421,5.3381123495980736e-09,1.940752945286207e-06,-118.3651794288687,-7.2601,7.2601,0.6442,-7.4335,11.846992,-0.0305,0.208492,0.056,0.26449,see_logs,
pred_sprinting_data_23-July-2026__15-02-22___HamStrength_p20.mat,C:\Users\T11648sTb\Documents\VSCODE\Pred_Sim_Sprinting\Pred_Sim_Sprinting\Results\pred_sprinting_data_23-July-2026__15-02-22___HamStrength_p20.mat,90e8f7a6d3f2b816e97123a2658ce5eff2771eb23b0db546eaccccb552038654,4607830,2026-07-23T15:02:22,Morphology_strength,HamStrength_p20,20.0,50,151,200,Solve_Succeeded,True,True,355,6.074801550681741e-09,1.251883779361624e-06,-118.96409111846984,-6.9975,6.9975,0.9068,-7.4417,11.906912,0.4751,0.207443,0.056,0.26344,see_logs,
pred_sprinting_data_26-October-2023__10-52-28___Nominal.mat,C:\Users\T11648sTb\Documents\VSCODE\Pred_Sim_Sprinting\Pred_Sim_Sprinting\Results\pred_sprinting_data_26-October-2023__10-52-28___Nominal.mat,9ed4b1ac21bf7131e8a4c78e2684e9a33b1347ddce5473a899cbfc2bf9509dcb,4616610,2026-01-16T16:21:06,Nominal,nominal,0.0,50,151,200,Solve_Succeeded,True,True,691,4.334158062011491e-08,4.732169233738251e-06,-118.40635774357376,-7.9043,7.9043,0.0,-7.5029,11.850605,0.0,0.208428,0.056,0.26443,see_logs,
pred_sprinting_data_03-February-2026__18-04-46___Nominal.mat,C:\Users\T11648sTb\Documents\VSCODE\Pred_Sim_Sprinting\Pred_Sim_Sprinting\Results\pred_sprinting_data_03-February-2026__18-04-46___Nominal.mat,d6a83f2a743ad88f35c796391439fc11fe804e5b91306648846e025c6b1d5720,4629104,2026-02-03T18:04:47,Nominal,nominal,0.0,50,151,200,Solve_Succeeded,True,True,1110,2.7992570134033742e-08,8.509733130746794e-06,-117.66955447033132,-7.4626,7.4626,0.4417,-7.2642,11.777384,-0.6179,0.209724,0.056,0.26572,see_logs,
pred_sprinting_data_04-February-2026__12-27-31___Nominal.mat,C:\Users\T11648sTb\Documents\VSCODE\Pred_Sim_Sprinting\Pred_Sim_Sprinting\Results\pred_sprinting_data_04-February-2026__12-27-31___Nominal.mat,974d8ff21273b8e1b06a65b3c13676a809120dee2e266a22491a236aa219cecb,4629106,2026-02-04T12:27:31,Nominal,nominal,0.0,50,151,200,Solve_Succeeded,True,True,1110,2.7992570134033742e-08,8.509733130746794e-06,-117.66955447033132,-7.4626,7.4626,0.4417,-7.2642,11.777384,-0.6179,0.209724,0.056,0.26572,see_logs,
pred_sprinting_data_10-April-2026__16-29-40___Nominal.mat,C:\Users\T11648sTb\Documents\VSCODE\Pred_Sim_Sprinting\Pred_Sim_Sprinting\Results\pred_sprinting_data_10-April-2026__16-29-40___Nominal.mat,c75590b503864a82223da7304be944b2ae9b3bad1c61b1309a5b43c45c58738b,9165068,2026-04-10T16:29:40,Nominal,nominal,0.0,100,301,400,Solve_Succeeded,True,True,581,1.848035317496678e-08,3.4357000837754277e-06,-118.24468311631237,-7.987,7.987,0.0,-7.4649,11.83456,0.0,0.208711,0.056,0.26471,see_logs,
pred_sprinting_data_05-June-2026__22-51-57___PelvisShift_m02.mat,C:\Users\T11648sTb\Documents\VSCODE\Pred_Sim_Sprinting\Pred_Sim_Sprinting\Results\pred_sprinting_data_05-June-2026__22-51-57___PelvisShift_m02.mat,b712c1f6d87e2c549e8cf7c187b97347177dd879affc7b8bfc2896809c52f2cd,4633249,2026-06-05T22:51:57,PelvicShift,PelvisShift_m02,-2.0,50,151,200,Solved_To_Acceptable_Level,False,True,77,0.003004616494038368,0.7627415431904203,-114.95861483341878,-9.1988,9.1988,-1.2945,-9.1795,11.504101,-2.9239,0.214705,0.056,0.27071,see_logs,
pred_sprinting_data_15-August-2026__13-46-07___PelvisShift_m02_athSh.mat,C:\Users\T11648sTb\Documents\VSCODE\Pred_Sim_Sprinting\Pred_Sim_Sprinting\Results\pred_sprinting_data_15-August-2026__13-46-07___PelvisShift_m02_athSh.mat,408787ad297b00a6655d0688413b92840eb5118af70d331252eb48e7c2cf5b06,4609865,2026-08-15T13:46:07,PelvicShift,PelvisShift_m02_athSh,-2.0,50,151,200,Solved_To_Acceptable_Level,False,True,652,5.96245021809262e-08,0.0013098775880202298,-116.16437920823724,-9.7766,9.7766,-1.8723,-9.2866,11.626853,-1.8881,0.212439,0.056,0.26844,see_logs,
pred_sprinting_data_06-June-2026__00-28-35___PelvisShift_m04.mat,C:\Users\T11648sTb\Documents\VSCODE\Pred_Sim_Sprinting\Pred_Sim_Sprinting\Results\pred_sprinting_data_06-June-2026__00-28-35___PelvisShift_m04.mat,bee5a08d9b76069a5cf8cdc9d3f4032983b89cea6dbb0f379d5ebe8240824607,4624585,2026-06-06T00:28:35,PelvicShift,PelvisShift_m04,-4.0,50,151,200,Infeasible_Problem_Detected,False,False,407,0.01764015327379187,7444263.128280347,-107.63996933883494,-10.9626,10.9626,-3.0583,-11.2032,10.519823,-11.2297,0.219152,0.056,0.27515,see_logs,
pred_sprinting_data_06-June-2026__01-01-47___PelvisShift_m06.mat,C:\Users\T11648sTb\Documents\VSCODE\Pred_Sim_Sprinting\Pred_Sim_Sprinting\Results\pred_sprinting_data_06-June-2026__01-01-47___PelvisShift_m06.mat,d85c111bc06051e5a833d51830d6c8703651af7846af40e928f5ea444bc7d731,4618985,2026-06-06T01:01:47,PelvicShift,PelvisShift_m06,-6.0,50,151,200,Infeasible_Problem_Detected,False,False,442,0.05200067187907825,2256468.6824177075,-108.92194645172762,-12.9626,12.9626,-5.0583,-13.1082,10.620352,-10.3814,0.216713,0.056,0.27271,see_logs,
pred_sprinting_data_05-June-2026__16-27-09___PelvisShift_p00.mat,C:\Users\T11648sTb\Documents\VSCODE\Pred_Sim_Sprinting\Pred_Sim_Sprinting\Results\pred_sprinting_data_05-June-2026__16-27-09___PelvisShift_p00.mat,0e87ad81e8fbfc1f1265a1b60e43f005120a05aa684390832f4f7c6f953111bf,4504632,2026-06-05T16:27:09,PelvicShift,PelvisShift_p00,0.0,50,151,200,Solved_To_Acceptable_Level,False,True,2,6.75129622448985e-05,0.033501374771075544,-117.6695631887247,-7.4631,7.4631,0.4412,-7.2648,11.777385,-0.6179,0.209724,0.056,0.26572,see_logs,
pred_sprinting_data_06-June-2026__01-45-17___PelvisShift_p02.mat,C:\Users\T11648sTb\Documents\VSCODE\Pred_Sim_Sprinting\Pred_Sim_Sprinting\Results\pred_sprinting_data_06-June-2026__01-45-17___PelvisShift_p02.mat,b3fd894f3f0fe6c4c9ea5c32c244b70b7e8a2c521fcbaf66865da83aa0949897,4607903,2026-06-06T01:45:17,PelvicShift,PelvisShift_p02,2.0,50,151,200,Solve_Succeeded,True,True,456,3.272094652668631e-08,2.2663860555050615e-06,-117.6452140720645,-5.9573,5.9573,1.947,-5.7106,11.775021,-0.6378,0.209766,0.056,0.26577,see_logs,
pred_sprinting_data_06-June-2026__02-36-44___PelvisShift_p04.mat,C:\Users\T11648sTb\Documents\VSCODE\Pred_Sim_Sprinting\Pred_Sim_Sprinting\Results\pred_sprinting_data_06-June-2026__02-36-44___PelvisShift_p04.mat,aaa69331e1682f5ca242d22faf12fcaacc6a80a1d9a3e92547e191784da545a0,4626062,2026-06-06T02:36:44,PelvicShift,PelvisShift_p04,4.0,50,151,200,Solved_To_Acceptable_Level,False,True,579,2.277960187597485e-06,0.00754210143376504,-117.52524237173846,-3.9321,3.9321,3.9722,-3.6251,11.762908,-0.74,0.209982,0.056,0.26598,see_logs,
pred_sprinting_data_06-June-2026__03-43-20___PelvisShift_p06.mat,C:\Users\T11648sTb\Documents\VSCODE\Pred_Sim_Sprinting\Pred_Sim_Sprinting\Results\pred_sprinting_data_06-June-2026__03-43-20___PelvisShift_p06.mat,a710506b4c52ce01ef26f56075c64ce0a0f5e03ba6f9a7639e6079b8aeef8ba8,4628470,2026-06-06T03:43:20,PelvicShift,PelvisShift_p06,6.0,50,151,200,Maximum_Iterations_Exceeded,False,False,700,1.900935693126535e-06,0.004409286168949577,-117.38348791156476,-1.9456,1.9456,5.9587,-1.5433,11.748587,-0.8609,0.210238,0.056,0.26624,see_logs,
pred_sprinting_data_24-June-2026__13-05-45___PelvisTD_m2.mat,C:\Users\T11648sTb\Documents\VSCODE\Pred_Sim_Sprinting\Pred_Sim_Sprinting\Results\pred_sprinting_data_24-June-2026__13-05-45___PelvisTD_m2.mat,d6e4692d7a1a65a19ad81d709899c422b7c2b5e6ce387805992c23500670dc2d,4617732,2026-06-24T13:05:45,PelvicTD_standard,PelvisTD_m2,-2.0,50,151,200,Solve_Succeeded,True,True,601,5.964968639482069e-09,1.6806203239058426e-06,-117.08100663804738,-9.4626,9.4626,-1.5583,-8.3207,11.718642,-1.1136,0.210775,0.056,0.26678,see_logs,
pred_sprinting_data_24-June-2026__13-12-57___PelvisTD_m4.mat,C:\Users\T11648sTb\Documents\VSCODE\Pred_Sim_Sprinting\Pred_Sim_Sprinting\Results\pred_sprinting_data_24-June-2026__13-12-57___PelvisTD_m4.mat,378eab8110bec82bbf57ed3b5b68970138fe546ec2bbcfc3225ff611ffa72276,4593764,2026-06-24T13:12:57,PelvicTD_standard,PelvisTD_m4,-4.0,50,151,200,Infeasible_Problem_Detected,False,False,130,0.026998883714909633,15560.911989500506,-92.61452700476524,-9.9156,9.9156,-2.0113,-8.7031,9.16137,-22.6928,0.205816,0.056,0.26182,see_logs,
pred_sprinting_data_24-June-2026__11-31-04___PelvisTD_m6.mat,C:\Users\T11648sTb\Documents\VSCODE\Pred_Sim_Sprinting\Pred_Sim_Sprinting\Results\pred_sprinting_data_24-June-2026__11-31-04___PelvisTD_m6.mat,67c1234c37f8e49ca78197aff6d7d2f9272fd90cbbfa687b22cdc5462774f38c,4591925,2026-06-24T11:31:04,PelvicTD_standard,PelvisTD_m6,-6.0,50,151,200,Infeasible_Problem_Detected,False,False,253,0.061912323309333994,101.8310471448821,-98.73638582082161,-9.9156,9.9156,-2.0113,-8.7421,9.608626,-18.9187,0.207579,0.056,0.26358,see_logs,
pred_sprinting_data_24-June-2026__14-51-19___PelvisTD_m6.mat,C:\Users\T11648sTb\Documents\VSCODE\Pred_Sim_Sprinting\Pred_Sim_Sprinting\Results\pred_sprinting_data_24-June-2026__14-51-19___PelvisTD_m6.mat,9416e259d7f2f3cc60b6eaa8672f51e74d2df8009cae31b91ca0f55e3b08b8d9,4591921,2026-06-24T14:51:19,PelvicTD_standard,PelvisTD_m6,-6.0,50,151,200,Infeasible_Problem_Detected,False,False,253,0.061912323309333994,101.8310471448821,-98.73638582082161,-9.9156,9.9156,-2.0113,-8.7421,9.608626,-18.9187,0.207579,0.056,0.26358,see_logs,
pred_sprinting_data_24-June-2026__12-41-28___PelvisTD_p0.mat,C:\Users\T11648sTb\Documents\VSCODE\Pred_Sim_Sprinting\Pred_Sim_Sprinting\Results\pred_sprinting_data_24-June-2026__12-41-28___PelvisTD_p0.mat,d22cfdb3707c8cab3b7329a74d0b0c10cc6840276e438ea7236a10722aed04ef,4618612,2026-06-24T12:41:28,PelvicTD_standard,PelvisTD_p0,0.0,50,151,200,Solve_Succeeded,True,True,688,9.212190662832998e-09,2.2269196571545135e-06,-117.65774857217478,-7.4626,7.4626,0.4417,-7.2975,11.776038,-0.6292,0.209748,0.056,0.26575,see_logs,
pred_sprinting_data_24-June-2026__13-38-15___PelvisTD_p2.mat,C:\Users\T11648sTb\Documents\VSCODE\Pred_Sim_Sprinting\Pred_Sim_Sprinting\Results\pred_sprinting_data_24-June-2026__13-38-15___PelvisTD_p2.mat,89022a3af4d7919f67d7b45a0f2416a81f65408fb5953c97d5188a613dd61269,4614396,2026-06-24T13:38:15,PelvicTD_standard,PelvisTD_p2,2.0,50,151,200,Solve_Succeeded,True,True,614,1.0219614255737937e-08,5.5905560501694565e-06,-117.63188513646872,-5.4626,5.4626,2.4417,-5.3578,11.773439,-0.6512,0.209794,0.056,0.26579,see_logs,
pred_sprinting_data_24-June-2026__14-06-26___PelvisTD_p4.mat,C:\Users\T11648sTb\Documents\VSCODE\Pred_Sim_Sprinting\Pred_Sim_Sprinting\Results\pred_sprinting_data_24-June-2026__14-06-26___PelvisTD_p4.mat,380dd231c440f651ad0ab0c24e7efdd1aaed4d9ac678097d911ce93db50ea82a,4609354,2026-06-24T14:06:26,PelvicTD_standard,PelvisTD_p4,4.0,50,151,200,Solve_Succeeded,True,True,693,1.3338862153822203e-08,1.4489949463071222e-06,-117.49655673798536,-3.4626,3.4626,4.4417,-3.388,11.760081,-0.7639,0.210033,0.056,0.26603,see_logs,
pred_sprinting_data_24-June-2026__11-58-51___PelvisTD_p6.mat,C:\Users\T11648sTb\Documents\VSCODE\Pred_Sim_Sprinting\Pred_Sim_Sprinting\Results\pred_sprinting_data_24-June-2026__11-58-51___PelvisTD_p6.mat,ca2ddcc3d7fb4ffbafb7804120f045f263304858cc195c2e6f50c7abd3f339d6,4621818,2026-06-24T11:58:51,PelvicTD_standard,PelvisTD_p6,6.0,50,151,200,Solve_Succeeded,True,True,677,2.403821993953018e-08,8.872575178548942e-07,-117.3461047226394,-1.4626,1.4626,6.4417,-1.3371,11.744775,-0.893,0.210306,0.056,0.26631,see_logs,
pred_sprinting_data_24-June-2026__18-09-31___PelvisTDwide_m2.mat,C:\Users\T11648sTb\Documents\VSCODE\Pred_Sim_Sprinting\Pred_Sim_Sprinting\Results\pred_sprinting_data_24-June-2026__18-09-31___PelvisTDwide_m2.mat,93badff5be64833598e94713a9c01e78a4448e70d991a2d4484b2dc7b04ad7e4,4618481,2026-06-24T18:09:31,PelvicTD_wide,PelvisTDwide_m2,-2.0,50,151,200,Solve_Succeeded,True,True,612,4.359287576370205e-08,3.4598929816550842e-06,-117.63215821916295,-9.4626,9.4626,-1.5583,-9.1252,11.77335,-0.6519,0.209796,0.056,0.2658,see_logs,
pred_sprinting_data_25-June-2026__02-31-10___PelvisTDwide_m2.mat,C:\Users\T11648sTb\Documents\VSCODE\Pred_Sim_Sprinting\Pred_Sim_Sprinting\Results\pred_sprinting_data_25-June-2026__02-31-10___PelvisTDwide_m2.mat,b06776c23ff87c20dee08c2e9e821899db45f04e09f6c81c687c0eecdb412d38,9158046,2026-06-25T02:31:10,PelvicTD_wide,PelvisTDwide_m2,-2.0,100,301,400,Solve_Succeeded,True,True,769,9.18383741823224e-08,3.085212677958634e-07,-117.87503754700896,-9.987,9.987,-2.0,-9.2684,11.797841,-0.3103,0.20936,0.056,0.26536,see_logs,
pred_sprinting_data_24-June-2026__15-41-24___PelvisTDwide_m4.mat,C:\Users\T11648sTb\Documents\VSCODE\Pred_Sim_Sprinting\Pred_Sim_Sprinting\Results\pred_sprinting_data_24-June-2026__15-41-24___PelvisTDwide_m4.mat,0fc0f1ade83211419f21a7159144311ffdf17cabdcd58b2a42f3a6e1b0f1b093,4604790,2026-06-24T15:41:24,PelvicTD_wide,PelvisTDwide_m4,-4.0,50,151,200,Infeasible_Problem_Detected,False,False,298,0.026998877735119803,101.94413382669356,-98.977021559539,-9.9156,9.9156,-2.0113,-8.7745,9.785585,-17.4254,0.206046,0.056,0.26205,see_logs,
pred_sprinting_data_24-June-2026__16-35-10___PelvisTDwide_m4.mat,C:\Users\T11648sTb\Documents\VSCODE\Pred_Sim_Sprinting\Pred_Sim_Sprinting\Results\pred_sprinting_data_24-June-2026__16-35-10___PelvisTDwide_m4.mat,5de85f89906ebacd4b0f0447b9e8f36acbef64554d1d0bd6daa8a4024d382852,4630663,2026-06-24T16:35:10,PelvicTD_wide,PelvisTDwide_m4,-4.0,50,151,200,Solve_Succeeded,True,True,851,1.875625821932262e-08,2.6023437250335617e-06,-117.50737017126386,-11.4626,11.4626,-3.5583,-11.3587,11.760995,-0.7562,0.210016,0.056,0.26602,see_logs,
pred_sprinting_data_25-June-2026__01-05-16___PelvisTDwide_m4.mat,C:\Users\T11648sTb\Documents\VSCODE\Pred_Sim_Sprinting\Pred_Sim_Sprinting\Results\pred_sprinting_data_25-June-2026__01-05-16___PelvisTDwide_m4.mat,f279404da2b85bac23100d5f28c57306e233d679cc998aac4aa92379498a11a6,9157553,2026-06-25T01:05:16,PelvicTD_wide,PelvisTDwide_m4,-4.0,100,301,400,Solve_Succeeded,True,True,598,5.498850288481314e-08,6.023524935609774e-07,-117.86436355879192,-11.987,11.987,-4.0,-11.1268,11.796764,-0.3194,0.209379,0.056,0.26538,see_logs,
pred_sprinting_data_24-June-2026__15-45-48___PelvisTDwide_m6.mat,C:\Users\T11648sTb\Documents\VSCODE\Pred_Sim_Sprinting\Pred_Sim_Sprinting\Results\pred_sprinting_data_24-June-2026__15-45-48___PelvisTDwide_m6.mat,a03ab17330c807c7e354f50c43c996168a5e54bf9cd41e4087e38e4bc085cba5,4592423,2026-06-24T15:45:48,PelvicTD_wide,PelvisTDwide_m6,-6.0,50,151,200,Infeasible_Problem_Detected,False,False,96,0.06190548059932732,101.65259506194622,-98.91121438156982,-9.9156,9.9156,-2.0113,-8.7395,9.655751,-18.521,0.207449,0.056,0.26345,see_logs,
pred_sprinting_data_24-June-2026__16-57-06___PelvisTDwide_m6.mat,C:\Users\T11648sTb\Documents\VSCODE\Pred_Sim_Sprinting\Pred_Sim_Sprinting\Results\pred_sprinting_data_24-June-2026__16-57-06___PelvisTDwide_m6.mat,34d1563af421566c563a1ce2a7544bb6ddbed891e09ea6cd4ce1697792dd160d,4613834,2026-06-24T16:57:06,PelvicTD_wide,PelvisTDwide_m6,-6.0,50,151,200,Solve_Succeeded,True,True,526,2.3618438277135817e-08,1.252099165621421e-06,-117.31781284857394,-13.4626,13.4626,-5.5583,-13.2171,11.742006,-0.9164,0.210356,0.056,0.26636,see_logs,
pred_sprinting_data_25-June-2026__00-01-41___PelvisTDwide_m6.mat,C:\Users\T11648sTb\Documents\VSCODE\Pred_Sim_Sprinting\Pred_Sim_Sprinting\Results\pred_sprinting_data_25-June-2026__00-01-41___PelvisTDwide_m6.mat,98ef566bc467e57c9cf9b8a9cf9e558377a8746e056c05b57f0049125033dc30,9149836,2026-06-25T00:01:41,PelvicTD_wide,PelvisTDwide_m6,-6.0,100,301,400,Solve_Succeeded,True,True,382,1.3617862765459523e-08,8.673139256328068e-07,-117.55729324294151,-13.987,13.987,-6.0,-12.8611,11.765964,-0.5796,0.209928,0.056,0.26593,see_logs,
pred_sprinting_data_24-June-2026__15-49-30___PelvisTDwide_m8.mat,C:\Users\T11648sTb\Documents\VSCODE\Pred_Sim_Sprinting\Pred_Sim_Sprinting\Results\pred_sprinting_data_24-June-2026__15-49-30___PelvisTDwide_m8.mat,6ab47b69c7a6ece70c25e1efb1e3a55c6ff9487df29de5d835e030ff65c61db8,4580636,2026-06-24T15:49:30,PelvicTD_wide,PelvisTDwide_m8,-8.0,50,151,200,Infeasible_Problem_Detected,False,False,89,0.09681207315220625,7598.243236333552,-99.40915362204133,-9.9156,9.9156,-2.0113,-8.803,9.691845,-18.2165,0.206635,0.056,0.26264,see_logs,
pred_sprinting_data_24-June-2026__17-39-57___PelvisTDwide_m8.mat,C:\Users\T11648sTb\Documents\VSCODE\Pred_Sim_Sprinting\Pred_Sim_Sprinting\Results\pred_sprinting_data_24-June-2026__17-39-57___PelvisTDwide_m8.mat,cc694cbfcc5618ce05b041e0ad918032a37fcf8187ea46b27fa528f8bd4d2026,4647708,2026-06-24T17:39:57,PelvicTD_wide,PelvisTDwide_m8,-8.0,50,151,200,Solve_Succeeded,True,True,1212,1.316420503264152e-08,1.3209647947848558e-06,-117.05215957535665,-15.4626,15.4626,-7.5583,-14.7758,11.715605,-1.1392,0.21083,0.056,0.26683,see_logs,
pred_sprinting_data_24-June-2026__21-57-50___PelvisTDwide_m8.mat,C:\Users\T11648sTb\Documents\VSCODE\Pred_Sim_Sprinting\Pred_Sim_Sprinting\Results\pred_sprinting_data_24-June-2026__21-57-50___PelvisTDwide_m8.mat,63f2a263a363e2783c379adc6c524c2666d4c6d7495f8e32bf73de2f5b2f0071,6239439,2026-06-24T21:57:50,PelvicTD_wide,PelvisTDwide_m8,-8.0,100,301,400,Maximum_CpuTime_Exceeded,False,False,657,4.092003303923786e-05,0.017271183061224965,-117.36512935474032,-15.987,15.987,-8.0,-15.0119,11.74666,-0.7427,0.210273,0.056,0.26627,see_logs,
pred_sprinting_data_24-June-2026__23-17-49___PelvisTDwide_m8.mat,C:\Users\T11648sTb\Documents\VSCODE\Pred_Sim_Sprinting\Pred_Sim_Sprinting\Results\pred_sprinting_data_24-June-2026__23-17-49___PelvisTDwide_m8.mat,094aec7bb697e0b6b47d501812ea689f649875e0810590a77ec053e57a6675d2,9169607,2026-06-24T23:17:49,PelvicTD_wide,PelvisTDwide_m8,-8.0,100,301,400,Solve_Succeeded,True,True,694,7.870691654794036e-09,9.381005050780526e-06,-117.36512806494558,-15.987,15.987,-8.0,-15.0125,11.746657,-0.7428,0.210273,0.056,0.26627,see_logs,
pred_sprinting_data_24-June-2026__18-32-28___PelvisTDwide_p0.mat,C:\Users\T11648sTb\Documents\VSCODE\Pred_Sim_Sprinting\Pred_Sim_Sprinting\Results\pred_sprinting_data_24-June-2026__18-32-28___PelvisTDwide_p0.mat,52e1d3a3cfe4af80719f0fb8cca53f781f91c54c8886fb1690faf905d4f0f3cf,4612278,2026-06-24T18:32:28,PelvicTD_wide,PelvisTDwide_p0,0.0,50,151,200,Solve_Succeeded,True,True,588,1.8880819073990314e-08,1.1445156274299582e-06,-117.65738997071603,-7.4626,7.4626,0.4417,-7.3058,11.775997,-0.6296,0.209749,0.056,0.26575,see_logs,
pred_sprinting_data_25-June-2026__03-15-59___PelvisTDwide_p0.mat,C:\Users\T11648sTb\Documents\VSCODE\Pred_Sim_Sprinting\Pred_Sim_Sprinting\Results\pred_sprinting_data_25-June-2026__03-15-59___PelvisTDwide_p0.mat,e867eb10b0fb5dfb43e5a27c4181acbd0c4698c07e761ca7ec3b257ab0ced8c6,9155771,2026-06-25T03:15:59,PelvicTD_wide,PelvisTDwide_p0,0.0,100,301,400,Solve_Succeeded,True,True,467,1.2990848159641083e-07,7.1802819121184086e-06,-117.8214420565342,-7.987,7.987,0.0,-7.334,11.792386,-0.3564,0.209457,0.056,0.26546,see_logs,
pred_sprinting_data_25-June-2026__04-33-19___PelvisTDwide_p2.mat,C:\Users\T11648sTb\Documents\VSCODE\Pred_Sim_Sprinting\Pred_Sim_Sprinting\Results\pred_sprinting_data_25-June-2026__04-33-19___PelvisTDwide_p2.mat,ddd171919a40844047b31959d088ca4f1f083cb4f15110ed5b0330ef0a4030ed,9180632,2026-06-25T04:33:19,PelvicTD_wide,PelvisTDwide_p2,2.0,100,301,400,Solve_Succeeded,True,True,739,5.73819294244936e-08,6.353232807624734e-07,-117.76982572426087,-5.987,5.987,2.0,-5.5198,11.787288,-0.3994,0.209548,0.056,0.26555,see_logs,
pred_sprinting_data_25-June-2026__05-43-11___PelvisTDwide_p4.mat,C:\Users\T11648sTb\Documents\VSCODE\Pred_Sim_Sprinting\Pred_Sim_Sprinting\Results\pred_sprinting_data_25-June-2026__05-43-11___PelvisTDwide_p4.mat,7192ae517c78d5f2b7da4ac3330598768bbd8921461fd434b8d49d197fb9420b,9186560,2026-06-25T05:43:11,PelvicTD_wide,PelvisTDwide_p4,4.0,100,301,400,Solve_Succeeded,True,True,742,2.2804000974506552e-08,9.200815389261497e-07,-117.50430114656622,-3.987,3.987,4.0,-3.3965,11.761059,-0.6211,0.210015,0.056,0.26602,see_logs,
pred_sprinting_data_25-June-2026__07-24-05___PelvisTDwide_p6.mat,C:\Users\T11648sTb\Documents\VSCODE\Pred_Sim_Sprinting\Pred_Sim_Sprinting\Results\pred_sprinting_data_25-June-2026__07-24-05___PelvisTDwide_p6.mat,c989678c467188931b0b3fe9db116f437134359eb141f2023d3a1f92029e7f10,9182097,2026-06-25T07:24:06,PelvicTD_wide,PelvisTDwide_p6,6.0,100,301,400,Solve_Succeeded,True,True,966,6.543489298707718e-09,4.79832023598941e-06,-117.78209544758988,-1.987,1.987,6.0,-1.6827,11.788504,-0.3892,0.209526,0.056,0.26553,see_logs,
pred_sprinting_data_05-June-2026__14-50-15___PelvisTilt_m07.mat,C:\Users\T11648sTb\Documents\VSCODE\Pred_Sim_Sprinting\Pred_Sim_Sprinting\Results\pred_sprinting_data_05-June-2026__14-50-15___PelvisTilt_m07.mat,450edec567b063310eb5e42dd16595d820dcb773b3bd7138a4ef228d8dd85b0b,4614760,2026-06-05T14:50:15,PelvicTilt,PelvisTilt_m07,-7.0,50,151,200,Solved_To_Acceptable_Level,False,True,40,2.8874334183314852e-05,0.11570378671750152,-117.65136199464378,-7.587,7.587,0.3173,-7.3898,11.775453,-0.6342,0.209758,0.056,0.26576,see_logs,
pred_sprinting_data_05-June-2026__11-00-52___PelvisTilt_m10.mat,C:\Users\T11648sTb\Documents\VSCODE\Pred_Sim_Sprinting\Pred_Sim_Sprinting\Results\pred_sprinting_data_05-June-2026__11-00-52___PelvisTilt_m10.mat,5628654f32f0e63a21e02f0eeac44d846d8c7c8161a01a1c2c4b73c63b5e65d4,4620306,2026-06-05T11:00:52,PelvicTilt,PelvisTilt_m10,-10.0,50,151,200,Solve_Succeeded,True,True,720,9.568724209012556e-08,2.3612873563560817e-06,-117.65014292422357,-8.6564,8.6564,-0.7521,-8.4958,11.775192,-0.6364,0.209763,0.056,0.26576,see_logs,
