offset,source_file,sha256_16,solver_status,final_inf_pr,mesh_N,td_tilt_signed_deg,anterior_tilt_deg,speed_mps,contact_s,peakVGRF_BW,muscle,is_biarticular,peak_lMtilde,tPeak_pct_stride,peak_lMtilde_R,peak_lMtilde_L,bimean_peak_lMtilde,seam_gap_lMtilde,TS_peak_lMtilde
p6,pred_sprinting_data_25-June-2026__07-24-05___PelvisTDwide_p6.mat,c989678c46718893,Solve_Succeeded,6.543e-09,100,-1.987,1.987,11.788504,0.07366,5.904,semimem,True,0.97302,88.00,0.89644,0.97302,0.93473,2.33e-15,0.97302
p6,pred_sprinting_data_25-June-2026__07-24-05___PelvisTDwide_p6.mat,c989678c46718893,Solve_Succeeded,6.543e-09,100,-1.987,1.987,11.788504,0.07366,5.904,semiten,True,1.12863,85.50,1.05677,1.12863,1.09270,4.44e-16,1.12863
p6,pred_sprinting_data_25-June-2026__07-24-05___PelvisTDwide_p6.mat,c989678c46718893,Solve_Succeeded,6.543e-09,100,-1.987,1.987,11.788504,0.07366,5.904,bifemlh,True,1.03778,86.00,0.93480,1.03778,0.98629,5.61e-15,1.03778
p6,pred_sprinting_data_25-June-2026__07-24-05___PelvisTDwide_p6.mat,c989678c46718893,Solve_Succeeded,6.543e-09,100,-1.987,1.987,11.788504,0.07366,5.904,bifemsh,False,0.94478,2.82,0.94478,0.93984,0.94231,9.99e-16,0.93984
p4,pred_sprinting_data_25-June-2026__05-43-11___PelvisTDwide_p4.mat,7192ae517c78d5f2,Solve_Succeeded,2.280e-08,100,-3.987,3.987,11.761059,0.07276,5.92,semimem,True,0.98379,88.32,0.91452,0.98379,0.94915,0.00e+00,0.98379
p4,pred_sprinting_data_25-June-2026__05-43-11___PelvisTDwide_p4.mat,7192ae517c78d5f2,Solve_Succeeded,2.280e-08,100,-3.987,3.987,11.761059,0.07276,5.92,semiten,True,1.13557,85.82,1.06832,1.13557,1.10195,0.00e+00,1.13557
p4,pred_sprinting_data_25-June-2026__05-43-11___PelvisTDwide_p4.mat,7192ae517c78d5f2,Solve_Succeeded,2.280e-08,100,-3.987,3.987,11.761059,0.07276,5.92,bifemlh,True,1.04652,86.32,0.95057,1.04652,0.99854,0.00e+00,1.04652
p4,pred_sprinting_data_25-June-2026__05-43-11___PelvisTDwide_p4.mat,7192ae517c78d5f2,Solve_Succeeded,2.280e-08,100,-3.987,3.987,11.761059,0.07276,5.92,bifemsh,False,0.94481,2.82,0.94481,0.94004,0.94243,0.00e+00,0.94004
p2,pred_sprinting_data_25-June-2026__04-33-19___PelvisTDwide_p2.mat,ddd171919a408440,Solve_Succeeded,5.738e-08,100,-5.987,5.987,11.787288,0.07367,5.824,semimem,True,0.98552,89.32,0.92600,0.98552,0.95576,0.00e+00,0.98552
p2,pred_sprinting_data_25-June-2026__04-33-19___PelvisTDwide_p2.mat,ddd171919a408440,Solve_Succeeded,5.738e-08,100,-5.987,5.987,11.787288,0.07367,5.824,semiten,True,1.13550,86.58,1.07531,1.13550,1.10541,0.00e+00,1.13550
p2,pred_sprinting_data_25-June-2026__04-33-19___PelvisTDwide_p2.mat,ddd171919a408440,Solve_Succeeded,5.738e-08,100,-5.987,5.987,11.787288,0.07367,5.824,bifemlh,True,1.04609,87.32,0.96186,1.04609,1.00398,0.00e+00,1.04609
p2,pred_sprinting_data_25-June-2026__04-33-19___PelvisTDwide_p2.mat,ddd171919a408440,Solve_Succeeded,5.738e-08,100,-5.987,5.987,11.787288,0.07367,5.824,bifemsh,False,0.94368,2.58,0.94368,0.93960,0.94164,0.00e+00,0.93960
p0,pred_sprinting_data_25-June-2026__03-15-59___PelvisTDwide_p0.mat,e867eb10b0fb5dfb,Solve_Succeeded,1.299e-07,100,-7.987,7.987,11.792386,0.07363,5.8,semimem,True,0.99681,89.58,0.94248,0.99681,0.96964,2.33e-15,0.99681
p0,pred_sprinting_data_25-June-2026__03-15-59___PelvisTDwide_p0.mat,e867eb10b0fb5dfb,Solve_Succeeded,1.299e-07,100,-7.987,7.987,11.792386,0.07363,5.8,semiten,True,1.14170,87.08,1.08562,1.14170,1.11366,0.00e+00,1.14170
p0,pred_sprinting_data_25-June-2026__03-15-59___PelvisTDwide_p0.mat,e867eb10b0fb5dfb,Solve_Succeeded,1.299e-07,100,-7.987,7.987,11.792386,0.07363,5.8,bifemlh,True,1.05445,87.58,0.97751,1.05445,1.01598,2.78e-15,1.05445
p0,pred_sprinting_data_25-June-2026__03-15-59___PelvisTDwide_p0.mat,e867eb10b0fb5dfb,Solve_Succeeded,1.299e-07,100,-7.987,7.987,11.792386,0.07363,5.8,bifemsh,False,0.94288,2.32,0.94288,0.93952,0.94120,2.22e-16,0.93952
m2,pred_sprinting_data_25-June-2026__02-31-10___PelvisTDwide_m2.mat,b06776c23ff87c20,Solve_Succeeded,9.184e-08,100,-9.987,9.987,11.797841,0.07328,5.836,semimem,True,1.01704,89.58,0.96372,1.01704,0.99038,0.00e+00,1.01704
m2,pred_sprinting_data_25-June-2026__02-31-10___PelvisTDwide_m2.mat,b06776c23ff87c20,Solve_Succeeded,9.184e-08,100,-9.987,9.987,11.797841,0.07328,5.836,semiten,True,1.15309,87.32,1.09759,1.15309,1.12534,0.00e+00,1.15309
m2,pred_sprinting_data_25-June-2026__02-31-10___PelvisTDwide_m2.mat,b06776c23ff87c20,Solve_Succeeded,9.184e-08,100,-9.987,9.987,11.797841,0.07328,5.836,bifemlh,True,1.07215,87.82,0.99652,1.07215,1.03433,0.00e+00,1.07215
m2,pred_sprinting_data_25-June-2026__02-31-10___PelvisTDwide_m2.mat,b06776c23ff87c20,Solve_Succeeded,9.184e-08,100,-9.987,9.987,11.797841,0.07328,5.836,bifemsh,False,0.94270,2.32,0.94270,0.93933,0.94101,0.00e+00,0.93933
m4,pred_sprinting_data_25-June-2026__01-05-16___PelvisTDwide_m4.mat,f279404da2b85bac,Solve_Succeeded,5.499e-08,100,-11.987,11.987,11.796764,0.07361,5.811,semimem,True,1.02808,90.32,0.98169,1.02808,1.00489,3.89e-16,1.02808
m4,pred_sprinting_data_25-June-2026__01-05-16___PelvisTDwide_m4.mat,f279404da2b85bac,Solve_Succeeded,5.499e-08,100,-11.987,11.987,11.796764,0.07361,5.811,semiten,True,1.15908,87.82,1.10878,1.15908,1.13393,2.22e-16,1.15908
m4,pred_sprinting_data_25-June-2026__01-05-16___PelvisTDwide_m4.mat,f279404da2b85bac,Solve_Succeeded,5.499e-08,100,-11.987,11.987,11.796764,0.07361,5.811,bifemlh,True,1.08042,88.50,1.01364,1.08042,1.04703,4.44e-16,1.08042
m4,pred_sprinting_data_25-June-2026__01-05-16___PelvisTDwide_m4.mat,f279404da2b85bac,Solve_Succeeded,5.499e-08,100,-11.987,11.987,11.796764,0.07361,5.811,bifemsh,False,0.94227,2.32,0.94227,0.93919,0.94073,1.11e-16,0.93919
m6,pred_sprinting_data_25-June-2026__00-01-41___PelvisTDwide_m6.mat,98ef566bc467e57c,Solve_Succeeded,1.362e-08,100,-13.987,13.987,11.765964,0.0738,5.804,semimem,True,1.04983,90.32,1.00181,1.04983,1.02582,0.00e+00,1.04983
m6,pred_sprinting_data_25-June-2026__00-01-41___PelvisTDwide_m6.mat,98ef566bc467e57c,Solve_Succeeded,1.362e-08,100,-13.987,13.987,11.765964,0.0738,5.804,semiten,True,1.17130,87.58,1.11930,1.17130,1.14530,0.00e+00,1.17130
m6,pred_sprinting_data_25-June-2026__00-01-41___PelvisTDwide_m6.mat,98ef566bc467e57c,Solve_Succeeded,1.362e-08,100,-13.987,13.987,11.765964,0.0738,5.804,bifemlh,True,1.09861,88.50,1.03115,1.09861,1.06488,0.00e+00,1.09861
m6,pred_sprinting_data_25-June-2026__00-01-41___PelvisTDwide_m6.mat,98ef566bc467e57c,Solve_Succeeded,1.362e-08,100,-13.987,13.987,11.765964,0.0738,5.804,bifemsh,False,0.94138,2.08,0.94138,0.93889,0.94014,0.00e+00,0.93889
m8,pred_sprinting_data_24-June-2026__23-17-49___PelvisTDwide_m8.mat,094aec7bb697e0b6,Solve_Succeeded,7.871e-09,100,-15.987,15.987,11.746657,0.07392,5.843,semimem,True,1.06755,90.82,1.02532,1.06755,1.04644,0.00e+00,1.06755
m8,pred_sprinting_data_24-June-2026__23-17-49___PelvisTDwide_m8.mat,094aec7bb697e0b6,Solve_Succeeded,7.871e-09,100,-15.987,15.987,11.746657,0.07392,5.843,semiten,True,1.18116,88.32,1.13337,1.18116,1.15727,0.00e+00,1.18116
m8,pred_sprinting_data_24-June-2026__23-17-49___PelvisTDwide_m8.mat,094aec7bb697e0b6,Solve_Succeeded,7.871e-09,100,-15.987,15.987,11.746657,0.07392,5.843,bifemlh,True,1.11243,89.08,1.05169,1.11243,1.08206,0.00e+00,1.11243
m8,pred_sprinting_data_24-June-2026__23-17-49___PelvisTDwide_m8.mat,094aec7bb697e0b6,Solve_Succeeded,7.871e-09,100,-15.987,15.987,11.746657,0.07392,5.843,bifemsh,False,0.94176,2.32,0.94176,0.93882,0.94029,0.00e+00,0.93882
